country,1995,1996,1997,1998,1999,2000,2001,2002,2003,2004,2005,2006,2007,2008,2009,2010
Aruba,1.12,0.0,0.0,0.0,0.0,0.0,0.0,0.0,0.0,0.0,0.0,0.0,0.0,0.0,0.0,0.0
Afghanistan,0.0,0.0,0.11,0.0,0.0,0.0,0.19,0.0,0.0,0.0,0.0,0.16,0.174,0.174,0.213,0.236
Angola,0.0,0.0,0.0592,0.0,0.0,0.0,0.0,0.0,0.0,0.0621,0.0,0.0,0.0,0.0,0.131,0.0
Albania,1.36,1.38,1.39,1.39,0.0,1.38,1.31,1.17,1.19,1.19,0.0,1.18,1.2,0.0,1.23,1.23
Andorra,2.24,0.0,2.46,2.53,0.0,2.57,2.6,2.9,3.33,3.13,3.23,3.01,3.01,0.0,3.15,0.0
UAE,0.0,0.0,0.0,0.0,0.0,1.8,1.98,2.0,2.08,1.92,1.52,1.33,1.41,1.64,1.52,1.42
Argentina,0.0,0.0,0.0,3.02,0.0,0.0,3.25,0.0,0.0,3.19,0.0,0.0,0.0,0.0,0.0,0.0
Armenia,0.686,0.662,0.653,0.673,0.693,2.7,2.62,2.56,2.46,2.46,2.56,2.59,2.67,2.74,2.77,2.84
American Samoa,0.0,0.0,0.0,0.0,0.781,0.0,0.0,0.0,0.0,0.0,0.0,0.0,0.0,0.0,0.0,0.0
Antigua and Barbuda,0.76,1.14,0.0,0.0,0.161,0.0,0.0,0.0,0.0,0.0,0.0,0.0,1.71,0.527,0.0,0.0
Australia,2.4,2.53,0.0,0.0,0.0,2.49,2.57,2.57,2.64,2.71,2.78,2.83,3.0,3.01,3.11,3.34
Austria,3.49,3.56,3.64,3.76,3.76,3.85,3.96,4.03,4.12,4.21,4.34,4.47,4.55,4.62,4.71,4.8
Azerbaijan,3.76,3.72,3.64,3.56,3.54,3.57,3.55,3.56,3.55,3.56,3.58,3.56,3.71,3.68,3.68,3.66
Burundi,0.055,0.0,0.0,0.0,0.0,0.052,0.0,0.0,0.0,0.028,0.0,0.0,0.0,0.0,0.0,0.0482
Belgium,3.5,3.6,3.7,3.7,2.79,2.82,2.84,2.85,2.85,2.85,2.85,2.87,2.89,2.9,2.91,2.91
Benin,0.058,0.0,0.0,0.0,0.0,0.0,0.0,0.0,0.0,0.0401,0.0,0.0,0.0,0.0623,0.0,0.0558
Burkina Faso,0.034,0.035,0.038,0.0,0.0,0.0,0.04,0.0,0.0,0.0543,0.0,0.0,0.0,0.0322,0.0446,0.0457
Bangladesh,0.201,0.0,0.2,0.0,0.0,0.0,0.25,0.0,0.271,0.281,0.308,0.317,0.329,0.342,0.354,0.363
Bulgaria,3.47,3.57,3.49,3.5,0.0,3.44,3.43,3.52,3.6,3.54,3.67,3.68,3.68,3.65,3.74,3.77
Bahrain,0.0,0.0,1.0,0.0,0.0,1.02,1.06,1.08,1.05,0.968,1.04,1.01,1.02,0.99,0.97,0.949
Bahamas,1.49,1.52,0.0,1.07,0.0,0.0,0.0,0.0,0.0,0.0,0.0,0.0,0.0,2.76,0.0,0.0
Bosnia and Herzegovina,0.0,0.0,0.0,0.0,0.0,1.45,1.45,1.45,1.48,1.51,1.53,1.58,1.64,1.67,1.74,1.8
Belarus,3.05,3.12,3.16,3.23,3.29,3.3,3.28,3.3,3.32,3.3,3.31,3.38,3.53,3.15,3.28,3.25
Belize,0.6,0.548,0.0,0.0,0.0,1.01,0.0,0.0,0.0,0.0,0.0,0.0,0.0,0.0,0.766,0.0
Bermuda,1.2,0.0,1.77,0.0,0.0,0.0,0.0,0.0,0.0,0.0,0.0,0.0,0.0,0.0,0.0,0.0
Bolivia,0.34,0.0,0.0,0.0,0.0,0.0,1.2,0.0,0.0,0.0,0.0,0.0,0.332,0.0,0.0,0.439
Brazil,1.23,1.26,1.29,1.28,1.37,1.35,1.39,1.42,1.48,1.59,1.67,1.7,1.73,1.78,1.82,1.81
Barbados,1.35,0.0,0.0,0.0,0.0,1.34,1.54,0.0,0.0,0.0,1.77,0.0,0.0,0.0,0.0,0.0
Brunei,0.0,0.848,0.0,0.0,0.0,1.01,0.0,1.15,0.0,1.29,1.07,1.08,1.05,1.49,1.16,1.45
Bhutan,0.16,0.0,0.0,0.0,0.051,0.0,0.0,0.0,0.0,0.185,0.0,0.0,0.217,0.255,0.0,0.0
Botswana,0.0,0.0,0.0,0.269,0.315,0.304,0.304,0.314,0.303,0.405,0.259,0.322,0.378,0.374,0.355,0.412
Central African Republic,0.035,0.0,0.0,0.0,0.0,0.0,0.0,0.0,0.0,0.0836,0.0,0.0,0.0,0.0405,0.0473,0.0
Canada,2.1,2.1,2.1,1.86,2.1,0.0,1.89,1.9,0.0,1.9,0.0,1.91,0.0,1.96,0.0,2.04
Channel Islands,0.0,0.0,0.0,0.0,0.0,0.0,0.0,0.0,0.0,0.0,0.0,0.0,0.0,0.0,0.0,0.0
Switzerland,3.2,3.23,0.0,0.0,0.0,3.92,3.94,4.04,4.21,4.26,4.28,4.33,4.32,3.83,3.85,3.82
Chile,0.0,0.0,0.0,0.0,0.0,0.0,0.0,0.892,0.947,0.984,0.98,1.04,1.04,1.04,1.03,2.87
China,1.17,1.17,1.19,1.18,1.21,1.24,1.25,1.11,1.16,1.19,1.21,1.25,1.27,1.32,1.39,1.43
Cote d'Ivoire,0.0,0.09,0.0,0.0,0.0,0.0,0.0,0.0,0.0,0.116,0.0925,0.0,0.0,0.14,0.0,0.0
Cameroon,0.0,0.074,0.0,0.0,0.0,0.0,0.0,0.0,0.0,0.181,0.0592,0.0,0.0704,0.0,0.068,0.0842
"Congo, Dem. Rep.",0.0,0.069,0.0,0.0,0.0,0.0,0.0,0.0,0.0,0.107,0.0,0.0,0.0,0.0,0.0934,0.0
"Congo, Rep.",0.251,0.0,0.0,0.73,0.0,0.0,0.0,0.0,0.0,0.215,0.0,0.209,0.103,0.0,0.0,0.116
Colombia,0.0,1.23,1.26,1.3,1.33,1.25,1.27,1.3,1.33,1.37,1.41,1.45,1.49,1.54,1.6,1.65
Comoros,0.0,0.0,0.074,0.0,0.0,0.0,0.0,0.0,0.0,0.193,0.19,0.0,0.0,0.0,0.19,0.0
Cape Verde,0.0,0.171,0.0,0.0,0.0,0.0,0.0,0.0,0.0,0.493,0.0,0.0,0.0,0.0,0.516,0.593
Costa Rica,0.854,0.864,0.872,0.901,1.72,1.31,0.0,0.0,0.0,0.0,0.0,2.04,2.09,2.16,2.22,2.31
Cuba,5.22,5.5,5.7,5.75,5.85,5.93,5.94,5.99,6.06,6.2,6.27,6.35,6.44,6.63,6.67,6.82
Cayman Islands,1.7,0.0,1.94,0.0,0.0,0.0,0.0,0.0,0.0,0.0,0.0,0.0,0.0,0.0,0.0,0.0
Cyprus,1.88,1.88,1.89,1.89,0.0,1.91,1.92,1.88,1.86,1.91,1.9,1.84,2.01,2.05,2.11,2.16
Czech Republic,2.99,2.97,3.1,3.02,3.07,4.09,3.43,3.49,3.51,3.51,3.55,4.27,4.26,3.54,3.56,3.57
Germany,3.07,3.12,3.14,3.19,3.22,3.28,3.33,3.36,3.39,3.41,3.43,3.47,3.53,3.59,3.66,3.76
Djibouti,0.191,0.14,0.0,0.0,0.133,0.0,0.0,0.0,0.0,0.167,0.179,0.233,0.0,0.0,0.0,0.0
Dominica,0.47,0.493,0.538,0.0,0.0,0.0,1.78,0.0,0.0,0.0,0.0,0.0,0.0,0.0,0.0,0.0
Denmark,2.68,2.7,2.78,2.86,2.88,2.91,2.93,3.04,3.08,3.23,3.33,3.42,3.45,3.58,3.65,3.72
Dominican Republic,1.5,0.0,2.16,0.0,0.0,1.85,0.0,0.0,0.0,0.0,0.0,0.0,0.0,1.1,0.0,0.0
Algeria,0.846,0.0,0.0,1.0,0.0,0.0,0.0,1.11,0.0,0.0,1.02,0.0,1.2,0.0,0.0,0.0
Ecuador,1.25,1.31,1.33,1.31,1.37,1.45,1.54,1.57,1.5,0.0,0.0,0.0,0.0,0.0,1.6,2.11
Egypt,0.0,2.02,1.6,0.0,0.0,2.12,0.0,0.0,0.528,0.0,0.0,0.0,0.0,0.0,0.0,0.0
Eritrea,0.0,0.03,0.0,0.0,0.0,0.0,0.0,0.0,0.0,0.079,0.0,0.0,0.0,0.0,0.0,0.0
Spain,4.09,2.75,2.87,2.92,3.05,3.12,3.1,3.09,3.19,3.41,3.52,3.6,3.54,3.54,3.58,3.73
Estonia,3.2,3.14,3.22,3.08,3.14,2.94,2.78,2.96,2.99,3.02,3.14,3.18,3.25,3.33,3.28,3.24
Ethiopia,0.0,0.025,0.023,0.021,0.02,0.021,0.028,0.029,0.0268,0.0269,0.0321,0.0269,0.0224,0.0251,0.0252,0.0
Finland,0.0,0.0,0.0,0.0,2.76,2.49,2.49,2.52,2.56,2.58,2.99,3.03,3.04,3.06,3.09,3.27
Fiji,0.0,0.0,0.476,0.357,0.336,0.0,0.0,0.0,0.466,0.0,0.0,0.0,0.0,0.399,0.436,0.0
France,3.29,3.3,3.32,3.33,3.33,6.47,6.53,6.57,6.6,6.63,6.63,6.62,6.59,6.58,6.49,6.5
"Micronesia, Fed. Sts.",0.0,0.0,0.0,0.0,0.573,0.596,0.0,0.0,0.561,0.0,0.584,0.0,0.0,0.618,0.194,0.0
Gabon,0.296,0.0,0.0,0.0,0.0,0.0,0.0,0.0,0.0,0.292,0.0,0.0,0.0,0.0968,0.0,0.0
Isle of Man,0.0,0.0,0.0,0.0,0.0,0.0,0.0,0.0,0.0,0.0,0.0,0.0,0.0,0.0,0.0,1.45
UK,1.76,1.8,1.85,1.9,1.91,3.97,4.07,4.22,4.4,4.66,4.81,4.91,4.96,5.11,5.25,5.25
Georgia,4.79,3.06,3.65,3.8,3.87,3.84,3.72,3.81,3.83,3.8,3.82,3.87,3.9,4.0,4.22,4.45
Ghana,0.0,0.062,0.0,0.0,0.0,0.0,0.0,0.09,0.0,0.152,0.0,0.0,0.0725,0.0787,0.0841,0.0938
Guinea,0.13,0.0,0.0,0.0,0.0,0.0927,0.0,0.0,0.0,0.111,0.103,0.0,0.0,0.0,0.0,0.0
Gambia,0.0,0.0,0.035,0.0,0.0,0.0,0.0,0.0,0.108,0.111,0.107,0.11,0.097,0.104,0.0,0.0
Guinea-Bissau,0.0,0.166,0.0,0.0,0.0,0.0,0.0,0.0,0.0,0.143,0.0,0.0,0.0,0.0539,0.0836,0.0
Equatorial Guinea,0.208,0.246,0.0,0.0,0.0,0.0,0.0,0.0,0.0,0.213,0.0,0.0,0.0,0.0,0.0,0.0
Greece,3.83,3.83,3.95,4.08,4.18,4.26,4.31,4.5,4.66,4.8,4.95,5.33,5.59,5.73,5.87,5.88
Grenada,0.65,0.0,0.404,0.0,0.576,0.564,0.562,0.56,0.558,0.0,0.0,0.658,0.0,0.0,0.0,0.0
Greenland,0.0,0.0,0.0,0.0,0.0,0.0,0.0,0.0,0.0,0.0,0.0,0.0,0.0,0.0,0.0,0.0
Guatemala,1.1,0.0,0.933,0.0,0.875,0.0,0.0,0.0,0.0,0.0,0.0,0.0,0.0,0.0,0.904,0.0
Guam,0.0,0.0,0.0,0.0,1.08,0.0,0.0,0.0,0.0,0.0,0.0,0.0,0.0,0.0,0.0,0.0
Guyana,0.33,0.0,0.181,0.0,0.0,0.49,0.0,0.0,0.0,0.0,0.0,0.0,0.0,0.0,0.215,0.687
"Hong Kong, China",1.32,0.0,0.0,0.0,0.0,0.0,0.0,0.0,0.0,0.0,0.0,0.0,0.0,0.0,0.0,0.0
Honduras,0.65,0.0,0.832,0.0,0.0,0.559,0.0,0.0,0.0,0.0,0.359,0.0,0.0,0.0,0.0,0.295
Croatia,2.72,2.73,2.75,2.6,2.5,2.36,2.39,2.41,2.47,2.53,2.54,2.57,2.7,2.71,2.72,2.84
Haiti,0.16,0.0,0.0,0.238,0.0,0.0,0.0,0.0,0.0,0.0,0.0,0.0,0.0,0.0,0.0,0.0
Hungary,3.35,3.39,3.44,3.52,3.55,2.68,2.89,3.19,3.24,3.33,2.78,3.04,2.81,3.1,3.04,2.89
Indonesia,0.0,0.0,0.0,0.0,0.0,0.0,0.0,0.0,0.134,0.0,0.0,0.0,0.0,0.0,0.264,0.243
India,0.0,0.0,0.0,0.0,0.0,0.525,0.535,0.555,0.563,0.57,0.589,0.601,0.618,0.634,0.652,0.686
Ireland,2.11,2.11,2.14,2.2,2.27,2.23,2.39,2.42,2.58,2.75,3.54,3.66,3.9,4.01,4.04,4.13
Iran,0.0,0.85,0.0,1.05,0.0,0.0,0.0,0.0,0.0,0.882,0.887,0.536,0.0,0.0,0.0,0.0
Iraq,0.0,0.0,0.0,0.55,0.0,0.0,0.543,0.0,0.0,0.658,0.66,0.0,0.528,0.0,0.0,0.664
Iceland,3.0,3.1,3.3,0.0,3.4,4.06,4.11,3.61,3.64,4.21,3.63,3.65,3.69,3.72,3.68,3.57
Israel,4.34,4.35,4.38,4.38,4.4,7.47,7.31,7.34,7.43,7.37,7.17,7.09,7.07,7.12,7.14,6.97
Italy,5.67,5.73,5.84,5.92,5.99,6.92,7.03,7.12,7.23,7.36,7.4,7.4,7.55,7.56,7.58,7.63
Jamaica,0.57,0.0,0.0,0.0,0.0,0.0,0.0,0.0,0.832,0.0,0.0,0.0,0.0,0.397,0.0,0.0
Jordan,0.0,0.0,1.66,0.989,1.93,1.87,2.04,2.2,2.28,2.04,2.24,2.29,2.44,2.22,2.13,2.23
Japan,0.0,1.9,0.0,1.96,0.0,1.92,0.0,1.97,0.0,2.02,0.0,2.07,0.0,2.14,0.0,2.21
Kazakhstan,3.8,3.71,3.38,3.5,3.37,3.28,3.44,3.58,3.62,3.59,3.6,3.7,3.65,3.72,3.78,3.93
Kenya,0.132,0.0,0.0,0.0,0.0,0.0,0.0,0.134,0.0,0.0,0.0,0.0,0.0,0.166,0.169,0.17
Kyrgyz Republic,3.15,3.23,3.05,2.98,2.9,2.8,2.7,2.59,2.57,2.56,2.52,2.45,2.36,2.35,2.34,2.34
Cambodia,0.0,0.114,0.0,0.147,0.0,0.168,0.0,0.0,0.0,0.0,0.0,0.0,0.0,0.244,0.238,0.23
Kiribati,0.0,0.0,0.0,0.0,0.0,0.0,0.0,0.0,0.0,0.0,0.0,0.0,0.0,0.253,0.0,0.398
St. Kitts and Nevis,1.09,1.13,1.12,1.06,1.05,0.0,1.1,0.0,0.0,0.0,0.0,0.0,0.0,0.0,0.0,0.0
South Korea,1.1,1.2,1.2,1.3,1.3,1.29,1.38,1.48,1.55,1.55,1.61,1.67,1.72,1.84,1.92,1.98
Kuwait,1.78,0.0,1.89,0.0,0.0,0.0,0.0,0.0,1.9,1.5,1.8,1.45,1.88,1.88,1.89,2.43
Lao,0.342,0.0,0.0,0.0,0.0,0.285,0.0,0.0,0.0,0.353,0.281,0.0,0.0,0.0,0.197,0.0
Lebanon,0.0,0.0,2.1,0.0,0.0,0.0,2.88,0.0,0.0,0.0,0.0,2.47,2.35,0.0,0.0,2.34
Liberia,0.0,0.0,0.023,0.0,0.0,0.0,0.0,0.0,0.0,0.0328,0.0,0.0,0.0,0.0141,0.024,0.0231
Libya,0.0,0.0,1.24,0.0,0.0,0.0,0.0,0.0,0.0,1.24,0.0,0.0,0.0,1.84,1.96,0.0
St. Lucia,0.56,0.0,0.473,0.0,0.0,0.0,0.819,0.439,0.467,0.42,0.508,0.0,0.185,0.159,0.104,1.65
Sri Lanka,0.222,0.279,0.305,0.346,0.375,0.424,0.443,0.0,0.0,0.54,0.522,0.522,0.555,0.624,0.683,0.724
Lesotho,0.054,0.0,0.0,0.0,0.0,0.0,0.0,0.0,0.0441,0.0,0.0,0.0,0.0,0.0,0.0,0.0692
Lithuania,3.32,3.31,3.34,3.31,3.31,3.62,3.63,3.7,3.67,3.62,3.7,3.75,3.85,3.86,3.85,3.91
Luxembourg,2.2,2.3,2.4,2.4,2.5,2.79,2.87,2.94,3.08,3.16,2.6,2.62,2.72,2.74,2.72,2.77
Latvia,3.35,3.48,3.42,3.28,3.34,2.86,2.66,2.76,2.81,2.9,2.94,3.02,3.15,3.24,3.15,3.08
"Macao, China",0.0,0.0,0.0,0.0,0.0,0.0,0.0,0.0,0.0,0.0,0.0,0.0,0.0,0.0,0.0,0.0
Morocco,0.0,0.0,0.46,0.0,0.0,0.0,0.483,0.0,0.0,0.531,0.0,0.0,0.586,0.0,0.648,0.0
Monaco,0.0,0.0,0.0,0.0,0.0,0.0,0.0,0.0,0.0,0.0,0.0,0.0,0.0,0.0,0.0,0.0
Moldova,3.51,3.57,3.6,3.67,0.0,2.46,2.29,2.31,2.28,2.18,2.38,2.38,2.39,2.35,2.39,2.38
Madagascar,0.272,0.107,0.0,0.0,0.0,0.0,0.087,0.136,0.148,0.156,0.18,0.171,0.181,0.186,0.181,0.195
Maldives,0.0,0.667,0.0,0.0,0.0,0.0,0.0,0.0,0.0,0.97,0.0,0.0,1.65,0.0,1.49,1.44
Mexico,1.6,1.6,1.4,1.2,1.7,3.25,3.03,3.05,3.16,3.31,3.53,3.76,3.84,3.9,3.96,4.0
Marshall Islands,0.0,0.422,0.0,0.0,0.0,0.471,0.0,0.0,0.0,0.0,0.0,0.0,0.554,0.0,0.0,0.567
North Macedonia,2.27,2.23,2.25,2.24,2.18,2.19,2.18,2.23,2.17,2.18,2.13,2.51,2.45,2.59,2.59,2.68
Mali,0.043,0.063,0.0,0.0,0.0,0.044,0.0,0.0,0.0,0.0851,0.0,0.0,0.0776,0.0,0.0923,0.102
Malta,0.0,0.0,2.41,2.54,0.0,2.6,3.08,3.27,3.13,0.0,0.0,0.0,0.0,3.36,1.92,2.15
Myanmar,0.293,0.0,0.0,0.0,0.297,0.302,0.0,0.0,0.0,0.366,0.38,0.416,0.439,0.475,0.488,0.522
Montenegro,0.0,0.0,0.0,0.0,1.86,1.88,1.91,1.9,1.85,1.94,1.95,1.99,1.99,2.11,2.1,2.04
Mongolia,0.0,0.0,0.0,2.43,2.54,0.0,0.0,2.76,0.0,0.0,0.0,0.0,0.0,2.88,2.67,2.76
Northern Mariana Islands,0.0,0.0,0.0,0.0,0.445,0.0,0.0,0.0,0.0,0.0,0.0,0.0,0.0,0.0,0.0,0.0
Mozambique,0.0,0.0,0.0,0.0,0.0,0.024,0.0,0.0,0.0,0.0258,0.0,0.026,0.0,0.0,0.0455,0.0487
Mauritania,0.138,0.0,0.0,0.0,0.0,0.0,0.0,0.0,0.0,0.106,0.0,0.0,0.0,0.0,0.131,0.157
Mauritius,0.85,0.0,0.0,0.0,0.0,0.0,0.0,0.0,0.0,1.07,0.0,0.0,1.15,1.17,1.19,1.2
Malawi,0.0,0.0,0.0,0.0,0.0,0.0,0.0,0.0,0.011,0.0216,0.0,0.0,0.0,0.0187,0.0188,0.0
Malaysia,0.478,0.496,0.658,0.0,0.683,0.696,0.0,0.703,0.0,0.0,0.0,0.0,0.0,0.922,0.0,1.17
Namibia,0.0,0.0,0.295,0.0,0.0,0.0,0.0,0.0,0.0,0.314,0.0,0.0,0.386,0.0,0.0,0.0
New Caledonia,0.0,0.0,0.0,0.0,1.98,0.0,0.0,0.0,0.0,0.0,0.0,0.0,0.0,0.0,0.0,0.0
Niger,0.0,0.024,0.035,0.033,0.0,0.0,0.0,0.033,0.0,0.0226,0.0,0.0,0.0,0.0189,0.0277,0.0
Nigeria,0.0,0.0,0.0,0.0,0.0,0.269,0.0,0.0,0.265,0.0,0.282,0.348,0.378,0.376,0.378,0.0
Nicaragua,0.82,0.0,0.856,0.0,0.0,0.0,0.0,0.0,0.386,0.0,0.5,0.492,0.526,0.649,0.703,0.728
Netherlands,0.0,0.0,0.0,0.0,2.38,2.44,2.52,2.58,2.62,2.65,2.7,2.78,2.77,2.85,2.91,2.95
Norway,0.0,0.0,0.0,0.529,0.0,3.37,3.53,3.27,3.27,3.44,3.61,3.78,3.89,4.0,4.05,4.12
Nepal,0.04,0.04,0.04,0.04,0.0,0.0,0.052,0.0,0.0,0.212,0.0,0.0,0.0,0.0,0.0,0.0
Nauru,1.51,0.0,0.0,0.0,0.0,0.0,0.0,0.0,0.0,1.01,0.0,0.0,0.0,1.01,1.01,1.1
New Zealand,2.0,2.0,2.2,2.2,2.2,2.23,2.17,2.12,2.18,2.19,2.11,2.27,2.29,2.45,2.57,2.61
Oman,1.12,0.0,0.854,0.932,0.964,1.44,0.0,0.0,0.0,1.58,1.67,1.77,1.85,1.89,1.93,1.93
Pakistan,0.563,0.583,0.599,0.613,0.628,0.645,0.659,0.0,0.0,0.742,0.788,0.0,0.762,0.781,0.795,0.808
Panama,1.17,1.21,1.2,1.19,1.23,0.0,1.24,1.33,1.34,1.32,1.35,1.35,1.3,1.38,1.31,1.41
Peru,0.98,0.0,0.932,0.0,1.14,0.0,0.0,0.0,0.0,0.0,0.0,0.0,1.66,0.0,0.947,0.0
Philippines,0.0,1.23,1.24,0.0,0.0,1.22,1.22,1.11,1.23,1.11,1.23,1.24,1.24,1.26,1.26,1.27
Palau,0.0,0.0,0.0,1.41,0.0,0.0,0.0,0.0,0.0,0.0,0.0,1.33,0.0,0.0,1.58,1.61
Papua New Guinea,0.0,0.0,0.0,0.073,0.0,0.047,0.0,0.0,0.0,0.0,0.0,0.0,0.0,0.0477,0.0,0.0514
Poland,2.33,2.36,2.36,2.34,2.27,2.21,2.25,2.29,2.42,2.28,2.13,2.17,2.18,2.15,2.16,2.17
Puerto Rico,1.75,0.0,0.0,0.0,0.0,0.0,0.0,0.0,0.0,0.0,0.0,0.0,0.0,0.0,0.0,0.0
North Korea,2.97,0.0,0.0,0.0,0.0,0.0,0.0,0.0,3.17,0.0,0.0,0.0,0.0,3.29,0.0,0.0
Portugal,2.91,2.99,3.03,3.09,3.11,3.2,3.26,3.3,3.35,3.42,3.5,3.57,3.65,3.74,3.85,3.98
Paraguay,0.73,0.0,1.1,0.0,0.0,1.17,0.0,1.15,0.0,0.0,0.0,0.0,0.0,0.0,0.0,0.0
Palestine,0.0,0.0,0.0,0.5,0.0,0.0,0.837,0.0,0.0,0.0,0.0,0.0,0.0,0.0,0.0,0.0
French Polynesia,0.0,0.0,0.0,0.0,0.0,1.7,0.0,0.0,0.0,0.0,0.0,0.0,0.0,0.0,0.0,0.0
Qatar,0.0,1.26,1.26,0.0,0.0,0.0,2.22,0.0,0.0,0.0,2.48,2.26,0.0,3.21,3.1,3.73
Romania,0.0,0.0,0.0,1.84,0.0,1.95,1.98,2.1,0.0,2.23,2.21,2.21,2.29,2.41,2.44,2.48
Russia,2.31,2.34,2.34,2.37,2.37,6.97,6.94,7.02,7.06,7.09,7.13,7.27,7.32,7.29,7.36,7.2
Rwanda,0.0,0.0,0.0,0.0,0.0,0.0,0.0,0.019,0.0,0.049,0.024,0.0,0.0,0.052,0.055,0.055
Saudi Arabia,0.0,0.0,1.66,0.0,0.0,0.724,0.682,0.0,0.0,0.0,0.0,0.0,0.0,2.06,2.08,2.41
Sudan,0.0,0.09,0.0,0.0,0.0,0.158,0.0,0.0,0.0,0.25,0.0,0.35,0.35,0.327,0.0,0.0
Senegal,0.075,0.093,0.093,0.095,0.0,0.0,0.0,0.0,0.0,0.0549,0.0,0.0,0.0,0.0617,0.0,0.0
Singapore,0.0,0.0,0.0,1.63,1.35,0.0,1.41,0.0,1.55,1.55,1.58,1.57,1.61,1.64,1.68,1.72
Solomon Islands,0.14,0.0,0.0,0.0,0.135,0.0,0.0,0.0,0.134,0.0,0.189,0.0,0.0,0.177,0.0,0.0
Sierra Leone,0.0,0.073,0.0,0.0,0.0,0.0,0.0,0.0,0.0,0.0309,0.0,0.0,0.0,0.0155,0.0,0.0212
El Salvador,0.91,0.0,1.07,0.0,1.24,0.0,0.0,1.33,0.0,0.0,1.71,0.0,0.0,1.88,0.0,0.0
San Marino,0.0,0.0,0.0,0.0,0.0,0.0,0.0,0.0,0.0,0.0,0.0,0.0,0.0,0.0,0.0,0.0
Somalia,0.0,0.0,0.04,0.0,0.0,0.0,0.0,0.0,0.0,0.0,0.0,0.0279,0.0,0.0,0.0,0.0
Serbia,0.0,0.0,0.0,0.0,0.0,0.0,0.0,0.0,2.21,2.27,2.26,2.29,2.34,2.42,2.45,2.48
Sao Tome and Principe,0.0,0.467,0.0,0.0,0.0,0.0,0.0,0.0,0.0,0.527,0.0,0.0,0.0,0.0,0.0,0.0
Suriname,0.75,0.252,0.0,0.0,0.0,0.406,0.0,0.0,0.0,0.81,0.0,0.0,0.0,0.0,0.705,0.0
Slovak Republic,0.0,0.0,0.0,0.0,3.32,3.23,3.21,3.19,3.13,3.14,3.02,3.16,3.37,3.36,3.3,3.35
Slovenia,2.12,2.13,2.15,2.18,0.0,2.15,2.18,2.23,2.26,2.31,2.35,2.37,2.39,2.4,2.42,2.44
Sweden,2.85,2.87,2.89,2.96,3.0,3.02,3.12,3.21,3.29,3.37,3.45,3.54,3.62,3.67,3.74,3.8
Eswatini,0.0,0.151,0.0,0.0,0.0,0.0,0.177,0.0,0.156,0.167,0.0,0.0,0.0,0.0,0.164,0.0
Seychelles,0.0,1.32,0.0,0.0,0.0,0.0,0.0,0.0,0.0,1.38,1.17,0.838,1.01,0.773,1.13,1.1
Syria,0.0,0.0,1.3,1.34,1.34,1.37,0.0,1.47,1.41,1.45,1.54,0.0,1.49,1.49,1.41,1.46
Chad,0.0,0.0,0.026,0.0201,0.0288,0.0281,0.0,0.0,0.0,0.0354,0.0,0.0352,0.0,0.0,0.0,0.0
Togo,0.076,0.0,0.0,0.0,0.0,0.0,0.057,0.0,0.0,0.0446,0.0,0.0,0.049,0.0574,0.0,0.0506
Thailand,0.238,0.0,0.272,0.291,0.291,0.0,0.298,0.296,0.0,0.291,0.0,0.287,0.296,0.316,0.339,0.391
Tajikistan,2.1,2.04,1.98,2.08,2.12,2.17,2.12,2.04,1.94,1.95,1.95,1.92,1.9,1.93,1.64,1.7
Turkmenistan,3.17,3.22,3.17,0.0,0.0,2.75,2.77,7.09,2.67,2.61,2.5,2.39,2.34,2.3,2.29,2.27
Timor-Leste,0.0,0.0,0.0,0.0,0.0,0.0,0.0,0.0,0.0,0.082,0.0,0.0,0.034,0.037,0.044,0.079
Tonga,0.0,0.0,0.44,0.0,0.0,0.499,0.355,0.303,0.0,0.0,0.0,0.0,0.0,0.551,0.597,0.558
Trinidad and Tobago,0.943,0.761,0.753,0.939,0.926,1.01,0.97,0.825,0.809,0.0,0.0,1.22,1.18,0.0,1.51,1.81
Tunisia,0.654,0.666,0.688,0.717,0.744,0.767,0.793,0.807,0.823,1.33,0.932,0.0,1.02,1.11,0.0,1.22
Turkey,1.16,1.16,1.19,1.22,1.28,1.35,1.4,1.41,1.43,1.45,1.49,1.52,1.56,1.61,1.66,1.71
Tuvalu,0.0,0.0,0.0,0.0,0.0,0.0,0.0,0.625,1.03,0.0,0.0,0.0,0.0,0.971,1.15,0.0
Tanzania,0.041,0.0,0.0,0.0,0.0,0.0,0.0,0.0233,0.0,0.0,0.0,0.0,0.0,0.0,0.0,0.0
Uganda,0.0,0.0,0.0,0.0,0.0,0.0,0.0,0.047,0.0,0.0824,0.121,0.0,0.0,0.0,0.0,0.0
Ukraine,4.41,2.99,2.97,2.99,2.99,3.03,3.03,3.02,3.01,3.02,3.02,3.08,3.09,3.12,3.49,3.48
Uruguay,3.56,3.7,0.0,0.0,3.75,0.0,0.0,3.72,0.0,0.0,0.0,0.0,0.0,3.95,0.0,0.0
USA,2.44,0.0,0.0,0.0,0.0,2.59,0.0,0.0,0.0,2.71,0.0,0.0,0.0,0.0,0.0,0.0
Uzbekistan,3.26,3.16,3.1,3.07,0.0,2.96,2.91,2.85,2.78,2.72,2.67,2.65,2.63,2.6,2.57,2.54
St. Vincent and the Grenadines,0.46,0.0,0.936,0.0,0.0,0.826,0.575,0.0,0.0,0.931,0.0,0.0,0.0,0.0,0.0,0.665
Venezuela,1.94,0.0,0.0,0.0,0.0,0.0,1.95,0.0,0.0,0.0,0.0,0.0,0.0,0.0,0.0,0.0
Virgin Islands (U.S.),1.65,0.0,0.0,0.0,0.0,0.0,0.0,0.0,0.0,0.0,0.0,0.0,0.0,0.0,0.0,0.0
Vietnam,0.0,0.0,0.569,0.48,0.515,0.0,0.524,0.551,0.0,0.0,0.614,0.624,0.641,0.665,0.698,0.71
Vanuatu,0.0,0.0,0.114,0.0,0.0,0.0,0.0,0.0,0.0,0.147,0.0,0.0,0.118,0.116,0.0,0.0
Samoa,0.0,0.344,0.0,0.33,0.691,0.0,0.0,0.0,0.282,0.0,0.278,0.0,0.0,0.464,0.0,0.344
Yemen,0.247,0.23,0.239,0.0,0.0,0.0,0.0,0.0,0.0,0.345,0.0,0.0,0.0,0.316,0.317,0.0
South Africa,0.0,0.593,0.0,0.0,0.0,0.0,0.0,0.0,0.0,0.737,0.0,0.0,0.699,0.697,0.707,0.721
Zambia,0.069,0.0,0.0,0.0,0.0,0.0,0.0,0.0,0.0,0.13,0.0545,0.0533,0.0,0.0619,0.0606,0.0614
Zimbabwe,0.143,0.0,0.0,0.0,0.0,0.126,0.0,0.0,0.0,0.173,0.126,0.0,0.0544,0.0596,0.121,0.127
