Country Name,1960,1961,1962,1963,1964,1965,1966,1967,1968,1969,1970,1971,1972,1973,1974,1975,1976,1977,1978,1979,1980,1981,1982,1983,1984,1985,1986,1987,1988,1989,1990,1991,1992,1993,1994,1995,1996,1997,1998,1999,2000,2001,2002,2003,2004,2005,2006,2007,2008,2009,2010,2011,2012,2013,2014,2015,2016,2017,2018,2019,2020,2021,2022
Aruba,,,,,,,,,,,,,,,,,,,,,,,,,,,,,,,,,,,,,,,,,,,,,,,,,,,,,,,,,,,,,,,
Africa Eastern and Southern,,,,,,,,,,,,,,,,,,,,,,,,,,,,,,,,,,,,,,,,,43.32686831,43.61639362,43.2921732,51.02408764,53.53217352,56.31083622,66.32833037,72.79174183,75.92888792,82.64512789,82.52892352,85.13091792,84.96829265,87.5322523,92.62545245,98.53700565,97.53255669,94.36851024,95.37778471,98.10791317,102.8884343,,
Afghanistan,,,,,,,,,,,,,,,,,,,,,,,,,,,,,,,,,,,,,,,,,,,0.779684005,6.27787606,5.199075868,5.62974613,5.538590061,6.339159177,8.42079025,8.320093035,8.143218947,8.260165531,6.746567342,8.965854668,10.03269529,11.15782561,12.14563483,13.48068229,11.65651343,10.77558453,24.62942023,,
Africa Western and Central,,,,,,,,,,,,,,,,,,,,,,,,,,,,,,,,,,,,,,,,,15.06975069,19.87453311,16.52150892,23.26310701,29.1291522,30.98123971,28.34306666,27.20689899,26.78133902,28.13379686,25.67654941,28.0600895,29.60145738,29.62776941,28.52105241,31.64100761,29.17784898,30.13556741,30.81239246,32.63526975,40.10264159,,
Angola,,,,,,,,,,,,,,,,,,,,,,,,,,,,,,,,,,,,,,,,,36.49813456,69.27566183,49.54277102,56.25235649,71.21885114,61.80741733,77.38621939,104.1692303,141.3194762,168.3165379,110.251719,114.7875402,115.5197918,129.5772421,107.0747847,89.77978348,84.15268272,93.22205688,77.21499912,70.74730034,77.44955068,,
Albania,,,,,,,,,,,,,,,,,,,,,,,,,,,,,,,,,,,,,,,,,103.6627641,114.8712642,117.8663501,131.2148828,151.323064,155.2388378,167.4524371,177.0397762,186.6104581,205.8420889,229.0130448,241.8485672,259.1727844,273.2555328,292.5298194,318.2496018,338.0721367,340.9337587,379.6765372,398.6566725,396.0092127,,
Andorra,,,,,,,,,,,,,,,,,,,,,,,,,,,,,,,,,,,,,,,,,1253.855476,1315.086836,1434.427228,1341.501985,1309.313472,1505.770169,1381.510625,1487.636601,1880.948729,2078.767356,2971.21764,2920.765382,2414.653592,2433.665026,2534.366796,2723.078551,2627.16136,2719.882633,2891.813705,2970.766627,3453.488106,,
Arab World,,,,,,,,,,,,,,,,,,,,,,,,,,,,,,,,,,,,,,,,,234.6064721,262.6574381,259.6614802,250.4253768,259.4641135,256.2574894,277.6969219,295.1492436,293.958378,380.6500958,347.0809517,370.1038367,382.4967799,427.4320031,467.9009631,454.435912,477.9442565,494.1775787,473.4453751,329.9641653,367.6579575,,
United Arab Emirates,,,,,,,,,,,,,,,,,,,,,,,,,,,,,,,,,,,,,,,,,1531.541789,1769.396364,1522.227309,1566.388202,1459.327558,1380.560703,1379.411693,1377.378991,1513.792991,2015.064633,1797.481195,1876.990962,1811.50768,1912.588811,1978.057457,1721.472254,1664.403549,1563.977859,1545.007872,1691.431312,2459.822431,,
Argentina,,,,,,,,,,,,,,,,,,,,,,,,,,,,,,,,,,,,,,,,,581.2878723,573.2688889,450.908227,462.6781553,455.2751061,528.5865565,598.0620246,701.6485087,780.8983686,921.5633546,998.1236766,1090.875031,1198.67564,1246.800108,1240.957826,1368.08588,1133.426095,1556.911445,1391.402767,1399.63999,1384.698263,,
Armenia,,,,,,,,,,,,,,,,,,,,,,,,,,,,,,,,,,,,,,,,,24.58636674,39.06210261,39.66341012,47.73442779,58.45489695,78.90730596,99.42595102,118.963571,120.3838565,127.6716927,123.6147708,131.8515475,146.25528,135.1301827,152.2784159,163.1514686,179.5650585,171.6955443,167.2883787,210.6646862,331.3704945,,
American Samoa,,,,,,,,,,,,,,,,,,,,,,,,,,,,,,,,,,,,,,,,,,,,,,,,,,,,,,,,,,,,,,,
Antigua and Barbuda,,,,,,,,,,,,,,,,,,,,,,,,,,,,,,,,,,,,,,,,,465.2140172,526.3614462,513.0559911,592.9595603,565.6562497,573.9284284,581.2411995,598.8493927,561.8562722,527.8405633,664.0691931,649.0845841,623.3793939,600.5626713,686.0649402,621.0352469,594.7565081,568.9367596,658.7462142,613.9207433,651.9061917,,
Australia,,,,,,,,,,,,,,,,,,,,,,,,,,,,,,,,,,,,,,,,,1546.11205,1617.186769,1747.290596,1821.461576,1970.386965,2042.232492,2165.829157,2329.742568,2394.393618,2603.525807,2610.692326,2777.445084,2712.268065,2832.732206,3289.676711,3416.233013,3597.394354,3660.457012,3817.011483,3977.79913,4452.713886,,
Austria,,,,,,,,,,,,,,,,,,,,,,,,,,,,,,,,,,,,,,,,,2007.494947,2033.057257,2156.010712,2250.391793,2371.380923,2456.832943,2619.596425,2740.327604,2969.805136,3051.106563,3112.898996,3246.04429,3461.928497,3569.084668,3685.708052,3771.061666,3962.904754,4164.077564,4397.866727,4567.984825,4888.49819,,
Azerbaijan,,,,,,,,,,,,,,,,,,,,,,,,,,,,,,,,,,,,,,,,,28.84026131,29.19617723,29.8487409,35.15905812,43.28289539,59.95159442,77.42576909,102.7196682,108.9744194,155.046741,145.4165428,137.5460568,174.1588961,178.9738335,192.5863815,190.3657258,163.5308036,138.4424724,132.298602,188.4854888,226.2860526,,
Burundi,,,,,,,,,,,,,,,,,,,,,,,,,,,,,,,,,,,,,,,,,7.808410463,9.177581613,8.590898638,7.392162639,13.40069323,11.70302124,14.05581043,15.00103779,9.739117993,12.87961535,12.51307891,22.42672973,17.40356147,10.73219284,20.31214252,19.28741326,17.98241637,15.87679499,16.39952665,18.19443376,17.08872909,,
Belgium,,,,,,,,,,,,,,,,,,,,,,,,,,,,,,,,,,,,,,,,,1658.445085,1771.426274,1861.20197,2105.198998,2248.396505,2296.283976,2409.302618,2503.267687,2764.578458,2984.81589,3115.066767,3243.456496,3405.393897,3516.494405,3637.600832,3829.723969,4041.80194,4195.62979,4389.121175,4411.521265,4657.656541,,
Benin,,,,,,,,,,,,,,,,,,,,,,,,,,,,,,,,,,,,,,,,,13.93406206,16.7189787,13.49876318,12.64228384,14.47760068,13.72831546,15.02287961,13.15901969,12.90549929,17.1527082,16.67946693,18.70754905,18.12616752,19.81092421,15.797702,16.34927819,16.67975135,23.89326912,15.26976001,17.79848861,29.1961794,,
Burkina Faso,,,,,,,,,,,,,,,,,,,,,,,,,,,,,,,,,,,,,,,,,8.657483816,9.248289361,10.35174319,10.208881,18.40761904,14.37811988,17.85212146,18.53011877,18.44416294,22.41420183,18.99920945,20.68854854,16.6920902,26.27055388,26.64666957,24.14236758,43.76095407,51.87694337,44.69164803,48.91280337,62.40714132,,
Bangladesh,,,,,,,,,,,,,,,,,,,,,,,,,,,,,,,,,,,,,,,,,8.013314292,6.376247868,8.083217723,8.701895724,9.213885939,9.336945579,10.77736625,11.96302873,11.62545483,11.976896,13.67515927,15.04784974,16.41035576,16.33051133,16.87025109,16.37977146,21.67891443,24.2748877,25.5366972,25.31501268,23.97340934,,
Bulgaria,,,,,,,,,,,,,,,,,,,,,,,,,,,,,,,,,,,,,,,,,222.3749727,263.0271344,325.866227,366.5109621,375.4330894,420.792562,412.9632921,438.3910935,497.6739233,501.7380717,584.1692846,603.7897244,623.4961167,670.7624464,785.8807368,757.3148785,822.2703619,880.4152162,968.7419591,1023.790811,1249.32205,,
Bahrain,,,,,,,,,,,,,,,,,,,,,,,,,,,,,,,,,,,,,,,,,934.46633,1028.54263,1079.685088,1099.5177,1036.204996,1019.104895,983.7376533,1001.931755,1003.415917,1337.32142,1277.760426,1261.589392,1443.167453,1507.327099,1493.118721,1485.251237,1350.561735,1255.901948,1217.235971,1197.045121,1491.981677,,
"Bahamas, The",,,,,,,,,,,,,,,,,,,,,,,,,,,,,,,,,,,,,,,,,382.7633686,411.6832185,408.5042171,437.352725,442.4003452,458.3461811,498.3630139,556.0522356,632.0877438,677.4049968,692.5760171,704.2166876,709.3024604,774.1893701,790.8667595,738.402684,891.4905055,1270.332707,1078.595083,1126.045729,1447.618879,,
Bosnia and Herzegovina,,,,,,,,,,,,,,,,,,,,,,,,,,,,,,,,,,,,,,,,,168.133331,185.2377828,205.7520116,269.0745875,279.0338729,286.8626836,333.4488994,394.082119,454.0620433,533.5276275,557.5578013,605.6012702,657.8536751,709.6924484,742.9848562,756.433361,833.9117413,839.8747181,905.9933794,959.7122303,1053.728268,,
Belarus,,,,,,,,,,,,,,,,,,,,,,,,,,,,,,,,,,,,,,,,,243.1635619,267.7804046,275.5193897,325.161425,375.7603294,438.5862048,440.7098115,495.0630354,486.6614148,476.4438349,576.2172394,498.6196676,607.6138588,660.5026277,624.8985326,650.6684438,727.4234766,711.9391508,737.7127845,807.1694588,911.3542926,,
Belize,,,,,,,,,,,,,,,,,,,,,,,,,,,,,,,,,,,,,,,,,105.8975942,141.2146734,150.4245367,153.9498577,157.0355018,167.6148601,191.249474,235.7129368,284.2736545,276.3967278,285.9889254,287.810399,262.0586602,272.9040668,280.6997322,293.1442213,304.4405207,282.9369256,292.4478809,304.184654,313.4223265,,
Bermuda,,,,,,,,,,,,,,,,,,,,,,,,,,,,,,,,,,,,,,,,,,,,,,,,,,,,,,,,,,,,,,,
Bolivia,,,,,,,,,,,,,,,,,,,,,,,,,,,,,,,,,,,,,,,,,81.9059093,89.87677001,91.52592286,99.61798826,96.39340956,110.7856437,111.4534769,125.0021348,129.421558,154.8787692,155.2750851,162.0255936,174.2102426,212.0863191,255.5437268,301.112153,325.3792302,366.700528,415.9661828,435.2818978,457.8683457,,
Brazil,,,,,,,,,,,,,,,,,,,,,,,,,,,,,,,,,,,,,,,,,312.4859505,323.4750926,350.8772472,340.0773101,360.7293421,366.2894283,410.8681634,435.8305938,464.9806302,490.3461249,509.8301962,519.4761574,503.0051974,551.6952378,579.4195899,566.2317949,561.0002905,572.3311288,582.2424561,599.2218299,684.4429286,,
Barbados,,,,,,,,,,,,,,,,,,,,,,,,,,,,,,,,,,,,,,,,,360.3633119,381.8745474,414.8227039,515.3304174,617.864414,588.2033969,611.8417543,569.5509481,632.4746942,656.1511747,599.7213096,560.3741391,676.8268591,599.3823805,511.7597733,509.3231315,515.5065472,486.1621128,483.3777813,471.6503006,542.4580909,,
Brunei Darussalam,,,,,,,,,,,,,,,,,,,,,,,,,,,,,,,,,,,,,,,,,1575.186548,1601.145646,1656.856676,1736.746054,1729.147215,1550.7955,1428.406965,1504.789679,1475.625653,1848.102961,1646.460589,1404.191878,1460.839599,1415.427985,1419.688103,1396.693698,1343.32414,1292.163885,1402.247389,1326.152,1462.579968,,
Bhutan,,,,,,,,,,,,,,,,,,,,,,,,,,,,,,,,,,,,,,,,,93.00495269,97.23427749,99.45887544,93.40812987,106.1107913,98.52802489,100.0740487,125.5346136,121.5378039,144.1004684,153.7480188,161.5844279,181.3564492,191.3815574,195.756085,247.3610931,256.4549615,261.2047353,289.8577287,315.7411352,386.8555062,,
Botswana,,,,,,,,,,,,,,,,,,,,,,,,,,,,,,,,,,,,,,,,,267.0425531,292.6633719,331.3800497,332.7750646,325.8131234,289.857353,305.2478205,368.3956827,465.1251286,396.2462691,452.2063292,477.563191,504.7510118,544.4003889,572.1661648,554.9626595,586.2201338,735.2042553,637.156512,690.9238667,654.0294592,,
Central African Republic,,,,,,,,,,,,,,,,,,,,,,,,,,,,,,,,,,,,,,,,,10.62912572,9.979769564,9.97933368,10.61899535,10.69212772,7.823978275,9.775560353,10.4838944,7.049332305,6.371331457,5.189699397,3.9193532,6.377190916,6.722876338,4.764856489,3.344812274,4.721159082,6.119172363,6.182410839,7.540745332,10.87830915,,
Canada,,,,,,,,,,,,,,,,,,,,,,,,,,,,,,,,,,,,,,,,,1764.479732,1899.305254,1988.861009,2133.698598,2249.280233,2399.326366,2475.679269,2603.430726,2708.195346,2926.93124,3004.184661,3047.266183,3135.580526,3265.609786,3316.256506,3388.177476,3572.437979,3658.765432,3791.053292,3774.884479,4535.506802,4420.723024,
Central Europe and the Baltics,,,,,,,,,,,,,,,,,,,,,,,,,,,,,,,,,,,,,,,,,416.2601953,465.0390281,524.6187459,580.1621249,609.4582136,657.5604181,713.2306682,785.9862501,912.9563887,974.9745909,1021.708156,1031.310703,1057.554471,1149.40277,1188.253103,1217.340575,1311.09345,1416.134592,1539.669351,1656.900103,1837.504241,,
Switzerland,,,,,,,,,,,,,,,,,,,,,,,,,,,,,,,,,,,,,,,,,960.0315287,1075.753738,1204.147632,1237.408871,1273.23434,1300.621448,1361.504937,1480.859647,1632.588617,1736.531194,1773.852825,1924.072411,2083.611308,2147.873031,2197.502669,2324.834419,2398.623774,2513.19036,2556.303847,2620.038646,3028.97868,,
Channel Islands,,,,,,,,,,,,,,,,,,,,,,,,,,,,,,,,,,,,,,,,,,,,,,,,,,,,,,,,,,,,,,,
Chile,,,,,,,,,,,,,,,,,,,,,,,,,,,,,,,,,,,,,,,,,240.0420716,258.9287913,281.3392064,303.8598636,321.6080523,330.5638413,393.6159876,443.0503048,485.4910353,547.6325523,581.5836874,651.8895278,726.2913423,798.8084157,852.6818786,909.9435478,998.2174927,1124.63496,1198.641367,1201.240986,1367.981353,1466.073044,
China,,,,,,,,,,,,,,,,,,,,,,,,,,,,,,,,,,,,,,,,,28.76226524,31.13399396,39.18721005,49.23513124,57.26596183,69.19995748,80.89145898,97.55465148,130.4890114,177.0140635,199.8628905,236.1329684,281.8871968,318.1740311,346.5789081,381.2735923,385.9622127,403.3728732,445.5640186,495.9194235,526.6021218,,
Cote d'Ivoire,,,,,,,,,,,,,,,,,,,,,,,,,,,,,,,,,,,,,,,,,16.87361135,14.67965387,15.54349915,14.67722501,16.12616522,15.62468819,16.91564467,18.21703543,19.68796734,22.45891721,20.71615808,19.00423715,26.51190617,27.97207668,33.10772469,36.84276786,40.03802332,45.10437931,45.94764884,53.09374996,73.57472699,,
Cameroon,,,,,,,,,,,,,,,,,,,,,,,,,,,,,,,,,,,,,,,,,13.45440727,16.89991186,19.95616704,20.06092452,17.65016122,16.73238712,17.30906419,15.83153501,15.618346,12.76396334,11.712924,16.94326045,19.34574294,15.34415079,19.87139356,12.5079299,13.02396783,5.212123571,13.42854284,15.93056204,23.77040203,,
"Congo, Dem. Rep.",,,,,,,,,,,,,,,,,,,,,,,,,,,,,,,,,,,,,,,,,0.269492481,0.447475733,0.444815221,1.022328376,0.882241178,1.096128405,1.195742044,1.357867105,1.707588166,1.83135757,2.452656521,2.303135812,3.466870389,3.648202788,4.540941557,5.810310909,5.139647666,4.232614769,5.345200437,6.189964959,7.165931465,,
"Congo, Rep.",,,,,,,,,,,,,,,,,,,,,,,,,,,,,,,,,,,,,,,,,19.58186958,36.23589295,17.07041091,19.78552378,17.53296338,18.59812128,25.59151646,25.00065126,49.12669169,29.82995417,42.67815242,33.89571416,49.65067543,54.42799522,53.80351462,49.77587719,44.1618015,39.42927979,25.99122698,43.45233888,68.44770255,,
Colombia,,,,,,,,,,,,,,,,,,,,,,,,,,,,,,,,,,,,,,,,,281.4791558,305.7058773,307.0003541,327.5749281,333.3117988,362.760373,412.6276269,448.5577243,483.0556134,540.3219757,547.555583,577.0395715,564.3736779,621.1485494,670.643689,705.8328903,740.0106839,781.9669954,827.9442247,907.5612198,970.6283014,,
Comoros,,,,,,,,,,,,,,,,,,,,,,,,,,,,,,,,,,,,,,,,,15.69704698,9.820076462,18.24169045,16.52731038,15.47047636,14.39179581,13.64338014,12.31389818,9.79661094,8.730126593,8.940809719,23.57704155,21.12223829,18.44255542,16.02073761,13.44670114,17.52595556,21.89867383,25.60574076,28.43869277,25.96457958,,
Cabo Verde,,,,,,,,,,,,,,,,,,,,,,,,,,,,,,,,,,,,,,,,,91.24383752,102.9241023,108.182999,107.9956827,115.2620631,120.2944835,132.5171624,148.9756672,131.9703581,147.1270067,152.3240833,161.6625164,169.3330911,167.7801328,166.0363975,180.8294018,185.2637506,207.3753247,214.7380266,231.2641596,225.3851112,,
Costa Rica,,,,,,,,,,,,,,,,,,,,,,,,,,,,,,,,,,,,,,,,,332.6764791,343.9586516,384.4331381,404.9304619,404.6731443,416.3253903,488.1504683,540.430541,622.2766215,675.0823783,739.6797478,764.5331444,780.0961791,810.0486264,865.7042072,934.2404827,1013.936192,1044.491439,1115.26914,1176.8667,1247.596981,,
Caribbean small states,,,,,,,,,,,,,,,,,,,,,,,,,,,,,,,,,,,,,,,,,209.7677244,197.6785257,229.5708486,226.4184772,255.8200646,273.1153404,278.7711421,318.7555553,330.5455439,380.4109263,378.618708,383.4085338,376.4243659,404.4441646,411.1928101,462.5198256,493.6608688,553.9548616,556.1168728,593.4544514,619.3467171,,
Cuba,,,,,,,,,,,,,,,,,,,,,,,,,,,,,,,,,,,,,,,,,459.4381654,520.2816945,574.1543466,603.6433916,600.3434705,908.8451769,1105.458809,1657.71484,1790.312631,2002.536097,1842.690152,1920.930717,1629.551557,1945.970421,2437.212803,2869.006938,2233.115748,2200.965403,2204.314538,2271.802454,2361.643315,,
Curacao,,,,,,,,,,,,,,,,,,,,,,,,,,,,,,,,,,,,,,,,,,,,,,,,,,,,,,,,,,,,,,,
Cayman Islands,,,,,,,,,,,,,,,,,,,,,,,,,,,,,,,,,,,,,,,,,,,,,,,,,,,,,,,,,,,,,,,
Cyprus,,,,,,,,,,,,,,,,,,,,,,,,,,,,,,,,,,,,,,,,,466.5187581,513.5521817,590.4778549,605.2909135,583.1123636,630.5375946,708.9550656,769.6011023,883.2486047,944.699431,1009.073512,1031.946711,960.2576815,956.6847135,883.4716248,912.7442548,1006.945717,1060.851268,1174.768948,1635.297003,2519.253866,,
Czechia,,,,,,,,,,,,,,,,,,,,,,,,,,,,,,,,,,,,,,,,,819.1957772,902.0775216,992.6450974,1115.265906,1164.731519,1195.500374,1262.725149,1323.960525,1440.014169,1670.831075,1595.411359,1683.057741,1706.481711,1984.652106,2041.278768,2007.582329,2102.911271,2411.902842,2603.286302,2764.63523,3362.063478,,
Germany,,,,,,,,,,,,,,,,,,,,,,,,,,,,,,,,,,,,,,,,,2104.532538,2202.470044,2313.785042,2408.121918,2412.309707,2480.020025,2614.397936,2739.917384,2913.229785,3126.174334,3270.427142,3460.205658,3554.487016,3787.444047,4001.362858,4122.419159,4400.40844,4669.893026,4895.444239,5027.201808,5515.85786,,
Djibouti,,,,,,,,,,,,,,,,,,,,,,,,,,,,,,,,,,,,,,,,,32.84347012,29.40100605,30.73272711,36.99504909,36.80596014,37.44510596,49.02865752,52.04151805,58.03844496,60.48907787,60.94368163,75.58083487,68.05778561,67.4210977,68.78464079,70.78382011,56.66565281,51.02763948,54.47806916,50.65776532,52.7380072,,
Dominica,,,,,,,,,,,,,,,,,,,,,,,,,,,,,,,,,,,,,,,,,223.0488853,174.9447717,163.3706354,195.6629465,196.7081339,221.4056459,230.2036498,235.001733,266.1274905,270.9731529,305.5497754,331.5827566,356.5342638,343.4731337,359.1163398,368.4397435,405.0251224,433.8809399,494.0000847,431.8095134,411.7863763,,
Denmark,,,,,,,,,,,,,,,,,,,,,,,,,,,,,,,,,,,,,,,,,1933.697236,2077.977191,2237.818201,2305.620684,2482.004036,2603.643975,2876.165239,3052.819362,3309.464992,3643.718654,3852.935217,3885.681055,3985.13619,4085.48259,4182.06803,4292.487202,4501.835878,4706.463509,4871.657804,4980.623027,5388.889264,6098.307687,
Dominican Republic,,,,,,,,,,,,,,,,,,,,,,,,,,,,,,,,,,,,,,,,,112.6296415,115.7039187,119.3615716,81.67400764,83.96078403,113.4711517,126.7694207,168.9956896,220.9939381,243.7689873,284.7599924,320.5023474,325.6175342,343.0602975,327.8337999,344.8943064,423.9791247,443.2215447,452.1486785,490.9509568,573.6862802,,
Algeria,,,,,,,,,,,,,,,,,,,,,,,,,,,,,,,,,,,,,,,,,213.9227979,258.7765006,262.8669572,278.5103697,269.3266567,257.1750824,272.160929,330.0897092,384.2573669,485.2108889,467.1841788,503.8054024,584.09943,561.9702543,615.6309692,593.5713438,522.6251335,489.0795128,488.2057149,490.5865873,460.4778617,,
East Asia & Pacific (excluding high income),,,,,,,,,,,,,,,,,,,,,,,,,,,,,,,,,,,,,,,,,34.34154932,37.69987021,44.69358041,54.10917124,60.81757669,70.38513517,82.7086735,98.5945559,122.4534636,156.0532355,170.1117303,197.287928,233.5619937,261.3487296,285.0884176,311.932438,320.5163773,334.7431371,367.5671618,406.466946,437.3220909,,
Early-demographic dividend,,,,,,,,,,,,,,,,,,,,,,,,,,,,,,,,,,,,,,,,,78.11518789,83.04933903,81.7278467,86.48298381,89.26739451,94.01187294,107.8911986,116.4143115,119.0050921,137.0482435,136.0281146,147.7685558,156.3904516,162.6860818,175.5813584,184.9108076,189.655162,202.841072,203.0565437,185.9663305,203.3557891,,
East Asia & Pacific,,,,,,,,,,,,,,,,,,,,,,,,,,,,,,,,,,,,,,,,,156.1500723,168.0214891,179.7290291,193.525671,207.7973712,226.4302556,246.1074671,272.2672054,302.0443151,343.7834623,369.3029117,428.1207202,470.9006877,507.6828822,536.3260002,571.3712029,580.378258,600.7733333,640.5568395,684.6026031,726.9938988,,
Europe & Central Asia (excluding high income),,,,,,,,,,,,,,,,,,,,,,,,,,,,,,,,,,,,,,,,,182.6983912,203.6632576,231.6031444,254.0900344,273.4156535,312.5505037,376.360968,411.9061956,485.0012393,531.30014,507.8076328,522.9852199,569.9653116,606.1711538,622.2979783,594.868293,606.4216398,635.5503265,685.8865751,740.332331,994.1710803,,
Europe & Central Asia,,,,,,,,,,,,,,,,,,,,,,,,,,,,,,,,,,,,,,,,,871.3833147,940.9039611,1020.027405,1075.552008,1133.12808,1200.095249,1309.856737,1381.699312,1513.280137,1610.475737,1636.330031,1683.311788,1729.144567,1805.798534,1853.387124,1884.564968,1988.431715,2075.150548,2177.94453,2271.401929,2593.372854,,
Ecuador,,,,,,,,,,,,,,,,,,,,,,,,,,,,,,,,,,,,,,,,,56.35720435,76.90142505,89.96213108,109.2052967,123.87765,128.3904006,146.6185193,170.2064581,186.1796234,210.4307294,258.0586196,302.3026362,354.2597201,426.240883,481.7740612,477.4501814,488.8101753,530.8027921,586.0239661,573.3429118,545.8622701,,
"Egypt, Arab Rep.",,,,,,,,,,,,,,,,,,,,,,,,,,,,,,,,,,,,,,,,,101.76912,112.5467996,117.8056365,106.4913316,105.6207094,112.2658139,133.0136363,128.9908281,135.3195385,139.821883,129.8934314,142.3187576,142.0859292,152.8804074,153.0117312,181.5762342,175.3989585,182.0721702,156.9751936,158.9528543,167.3004975,,
Euro area,,,,,,,,,,,,,,,,,,,,,,,,,,,,,,,,,,,,,,,,,1604.340573,1711.157466,1822.44654,1891.1416,1961.110511,2055.036021,2199.572118,2301.307316,2477.534608,2623.325397,2686.903806,2755.232837,2788.744349,2899.359071,2974.384181,3061.521276,3267.825471,3409.483193,3559.330155,3674.098895,4020.857977,,
Eritrea,,,,,,,,,,,,,,,,,,,,,,,,,,,,,,,,,,,,,,,,,24.81248305,23.41472608,28.00000527,21.01240284,19.63641939,11.08818028,10.67619226,16.25270299,15.86796769,12.13951314,13.28185475,12.55650722,13.22839848,11.69497114,10.20160149,11.77645254,12.51897891,15.56040769,11.35574488,14.40620554,15.36627425,,
Spain,,,,,,,,,,,,,,,,,,,,,,,,,,,,,,,,,,,,,,,,,1064.26795,1123.731515,1205.236093,1358.511171,1441.127945,1539.970621,1749.33568,1877.373753,2056.073996,2200.124092,2154.977625,2150.415649,2091.799808,2083.319842,2139.617417,2271.472445,2390.61024,2497.901683,2580.176418,2702.189597,2965.467124,,
Estonia,,,,,,,,,,,,,,,,,,,,,,,,,,,,,,,,,,,,,,,,,368.908144,384.600974,416.8123219,484.1108571,548.8933498,620.5156508,686.9174731,828.8375582,993.1141698,1034.111538,1013.073423,1069.894351,1152.462163,1245.051122,1370.925541,1442.801774,1561.467117,1642.024962,1796.73368,1924.15653,2250.060922,,
Ethiopia,,,,,,,,,,,,,,,,,,,,,,,,,,,,,,,,,,,,,,,,,8.58103244,10.33596937,10.687489,11.31510888,7.475847385,10.91739966,7.851502529,10.39162437,4.399871962,8.266248385,9.534834233,4.246473601,12.70827544,13.86811015,10.64073732,15.7446318,16.63849598,17.12175305,16.2259734,16.61974994,23.35848464,,
European Union,,,,,,,,,,,,,,,,,,,,,,,,,,,,,,,,,,,,,,,,,1351.289674,1448.514477,1552.478505,1621.191322,1685.179477,1769.691532,1899.122098,1998.895363,2166.316829,2297.568496,2359.733345,2435.295245,2472.609158,2582.40804,2652.224175,2729.97348,2914.612935,3054.303607,3202.631182,3317.505547,3634.912387,,
Fragile and conflict affected situations,,,,,,,,,,,,,,,,,,,,,,,,,,,,,,,,,,,,,,,,,45.77389033,52.75465281,51.60487988,59.52729932,72.22696377,69.02786961,81.9041122,83.75213602,73.33672253,79.15792586,73.15520448,73.79407685,68.7211244,65.36975328,64.36147425,62.63539816,59.42019934,66.94887672,67.55075066,60.80619192,69.17139591,,
Finland,,,,,,,,,,,,,,,,,,,,,,,,,,,,,,,,,,,,,,,,,1438.631739,1536.109635,1676.161931,1782.975594,1957.322318,2066.929858,2247.598394,2404.809508,2636.19491,2749.126433,2797.293153,2987.608456,3126.805345,3232.987831,3249.392953,3220.360455,3279.896508,3387.022938,3522.938493,3701.192768,3983.250321,,
Fiji,,,,,,,,,,,,,,,,,,,,,,,,,,,,,,,,,,,,,,,,,162.6300641,133.171933,145.8981087,150.3179395,160.6356879,180.3786848,192.0423004,193.1589045,175.635048,172.148159,177.7804837,160.8051676,174.0158552,183.2129586,221.8632548,246.6751874,251.4897921,270.6367845,334.3891261,344.8486137,304.9777056,,
France,,,,,,,,,,,,,,,,,,,,,,,,,,,,,,,,,,,,,,,,,1829.739262,1953.290229,2099.873045,2075.986521,2160.012396,2274.781327,2418.288949,2517.082024,2617.758545,2781.978698,2855.272337,2956.490569,3009.666138,3188.186334,3263.768161,3381.939435,3702.823247,3839.762339,3962.140982,4097.990796,4403.975995,,
Faroe Islands,,,,,,,,,,,,,,,,,,,,,,,,,,,,,,,,,,,,,,,,,,,,,,,,,,,,,,,,,,,,,,,
"Micronesia, Fed. Sts.",,,,,,,,,,,,,,,,,,,,,,,,,,,,,,,,,,,,,,,,,36.79399344,40.03579318,37.97167799,48.91953985,53.90539885,65.21577506,66.32093532,63.38415629,76.24063893,57.88469698,63.01254248,87.66576132,74.05898792,77.80627812,93.07021233,94.2182388,103.5673535,97.9492826,97.23855509,103.9525985,89.56143679,,
Gabon,,,,,,,,,,,,,,,,,,,,,,,,,,,,,,,,,,,,,,,,,142.2029863,171.6768631,160.9029916,195.1585358,185.9275168,146.4780799,163.8132894,178.0053846,146.3967548,208.7419851,221.5617692,235.6726088,216.9216483,263.2040653,223.2848889,220.9506915,276.4468202,254.7854881,234.7934962,251.9517151,278.6229085,,
United Kingdom,,,,,,,,,,,,,,,,,,,,,,,,,,,,,,,,,,,,,,,,,1460.452073,1607.714389,1787.562408,1933.360991,2154.60759,2244.521764,2460.407776,2520.799,2717.270851,2873.623666,2955.864321,3009.039759,3094.007516,3193.684503,3300.0456,3378.539927,3512.038687,3584.928488,3690.526429,3896.218431,4668.024478,,
Georgia,,,,,,,,,,,,,,,,,,,,,,,,,,,,,,,,,,,,,,,,,25.0450767,38.18004279,41.25359544,48.22902393,54.20720143,63.10288718,70.42440361,75.63497351,111.6389718,145.6515255,144.3672368,115.1428477,150.6886955,193.5123509,248.8636591,315.3140637,372.3990392,352.8116239,404.7260881,418.8249387,404.5650068,,
Ghana,,,,,,,,,,,,,,,,,,,,,,,,,,,,,,,,,,,,,,,,,19.34884961,27.44391165,18.60010721,22.8330121,21.06719417,45.54495344,48.26731556,54.72582415,62.27233111,79.02909726,91.9139836,105.0507623,97.84986222,95.1046111,75.74312665,80.0361289,62.56935689,52.34619089,70.37127562,77.13953985,110.0662492,,
Gibraltar,,,,,,,,,,,,,,,,,,,,,,,,,,,,,,,,,,,,,,,,,,,,,,,,,,,,,,,,,,,,,,,
Guinea,,,,,,,,,,,,,,,,,,,,,,,,,,,,,,,,,,,,,,,,,3.37144464,4.332320669,7.967288725,5.366178999,3.155160906,3.9536072,3.647078826,3.788449303,4.397958189,4.128025876,5.95673968,8.809940272,8.817721371,8.719788035,10.85760745,7.680454022,13.57419363,14.31726033,15.6268228,24.3092544,26.51580481,,
"Gambia, The",,,,,,,,,,,,,,,,,,,,,,,,,,,,,,,,,,,,,,,,,18.2635935,19.47654577,16.5181005,18.91565845,15.53028067,15.8836378,17.09939826,14.00608411,15.17942908,19.64922408,20.69527783,21.3901987,24.52575686,21.24830589,20.47229577,19.10144835,24.74677013,20.44543579,22.03938932,28.24270941,28.56135448,,
Guinea-Bissau,,,,,,,,,,,,,,,,,,,,,,,,,,,,,,,,,,,,,,,,,34.75813016,32.47539104,20.39483963,27.44422287,38.29421143,33.40844683,31.25449464,33.12957263,30.18984338,36.07858499,14.93599258,6.4264568,7.042992369,7.750761988,8.589050491,9.17026396,8.685933925,10.15934927,10.49970621,10.52576026,13.92126338,,
Equatorial Guinea,,,,,,,,,,,,,,,,,,,,,,,,,,,,,,,,,,,,,,,,,24.05858982,23.58384448,22.72277887,42.05594713,40.74712141,49.8989943,67.1097274,84.0781017,98.95942688,190.2170607,128.9549458,119.6892538,170.1533934,128.5228053,137.5044687,115.6376302,123.4223044,115.9058884,113.5780589,108.3404681,133.1966595,,
Greece,,,,,,,,,,,,,,,,,,,,,,,,,,,,,,,,,,,,,,,,,873.6046115,1060.522706,1127.23209,1210.050909,1209.753962,1334.764145,1454.672769,1561.303228,1782.366267,1953.299553,1846.093461,1548.052724,1408.701354,1341.482187,1191.195368,1264.100951,1193.852592,1212.324799,1253.604978,1213.807047,1431.855351,,
Grenada,,,,,,,,,,,,,,,,,,,,,,,,,,,,,,,,,,,,,,,,,136.065802,156.6589166,207.1366987,183.2367784,222.8667787,241.1967828,200.0542816,212.8265286,212.6280046,219.6586617,208.1508759,249.5425245,247.0605124,250.4969788,251.9908472,252.2578103,243.8151152,280.709615,294.0395044,327.7052235,318.5535409,,
Greenland,,,,,,,,,,,,,,,,,,,,,,,,,,,,,,,,,,,,,,,,,,,,,,,,,,,,,,,,,,,,,,,
Guatemala,,,,,,,,,,,,,,,,,,,,,,,,,,,,,,,,,,,,,,,,,96.37339262,102.083797,103.3215507,110.5248774,112.4476375,108.1767875,126.3169024,128.2400939,137.5855535,146.999422,136.4903718,136.495499,143.5355867,160.8813111,169.1301705,181.6260541,182.7336132,177.6067612,185.1553991,208.1118906,212.8403149,,
Guam,,,,,,,,,,,,,,,,,,,,,,,,,,,,,,,,,,,,,,,,,,,,,,,,,,,,,,,,,,,,,,,
Guyana,,,,,,,,,,,,,,,,,,,,,,,,,,,,,,,,,,,,,,,,,88.93424081,85.22162169,94.35017333,95.14997154,98.01278486,100.1879713,100.8845101,111.2003375,117.5989119,136.5734269,142.9980802,184.4574235,191.2211969,211.4343731,242.0997432,268.2541655,290.6503248,340.4207867,373.9929516,391.6624954,781.3425323,,
High income,,,,,,,,,,,,,,,,,,,,,,,,,,,,,,,,,,,,,,,,,1502.11011,1629.374444,1743.67066,1842.031418,1948.133137,2055.650843,2203.70626,2319.256795,2461.093296,2620.034372,2707.342553,2842.862383,2925.467978,3047.433607,3194.245901,3324.156066,3457.259314,3580.736229,3723.898414,3919.195452,4488.364942,,
"Hong Kong SAR, China",,,,,,,,,,,,,,,,,,,,,,,,,,,,,,,,,,,,,,,,,,,,,,,,,,,,,,,,,,,,,,,
Honduras,,,,,,,,,,,,,,,,,,,,,,,,,,,,,,,,,,,,,,,,,77.3647037,65.15838647,68.20630131,72.83100337,72.69977377,92.4258724,111.1367377,120.6093276,124.7825049,143.5396182,137.448598,150.4392436,134.0708081,142.1002714,139.4906344,139.4137189,156.0124696,155.4778663,162.2401584,168.0868484,182.305801,209.0394033,
Heavily indebted poor countries (HIPC),,,,,,,,,,,,,,,,,,,,,,,,,,,,,,,,,,,,,,,,,16.40197226,17.51429422,16.97634831,18.77926794,19.81887906,22.36597521,23.61971568,25.05723299,24.71603512,27.59110043,26.90269532,27.1467214,27.48732221,28.62836312,30.96611184,35.06183391,35.3286913,34.49118276,36.19698475,37.80625404,45.49159783,,
Croatia,,,,,,,,,,,,,,,,,,,,,,,,,,,,,,,,,,,,,,,,,689.6144107,687.3372765,619.5666086,701.0106888,762.6312948,898.1347223,1030.370924,1248.705218,1344.912994,1352.619589,1333.50707,1321.965891,1359.201374,1207.832472,1239.727339,1291.041126,1401.976513,1489.949131,1602.079026,1691.831149,1825.077332,,
Haiti,,,,,,,,,,,,,,,,,,,,,,,,,,,,,,,,,,,,,,,,,19.29695876,16.11565824,10.93013602,11.97357964,13.53395702,14.0753283,7.202906983,20.84645724,22.54511144,22.24478151,21.80863782,12.00450138,12.81743406,14.22903028,14.07039291,16.46114383,16.53072216,14.82668847,17.2381709,13.17211026,12.6506768,,
Hungary,,,,,,,,,,,,,,,,,,,,,,,,,,,,,,,,,,,,,,,,,552.5431252,602.4323773,715.0946892,878.5366733,877.9321678,957.3740651,1005.468007,931.4974129,994.364501,1016.594245,1077.473496,1139.256882,1116.717629,1173.955717,1206.593458,1243.494999,1319.858266,1359.142929,1451.747445,1441.446047,1711.942759,,
IBRD only,,,,,,,,,,,,,,,,,,,,,,,,,,,,,,,,,,,,,,,,,88.12960616,94.68328889,101.5429234,110.1766789,118.7665303,129.1879,149.9859143,167.1709037,190.5770516,219.6593403,227.0612588,246.2443178,267.3965041,287.2490684,304.1915474,317.4731474,322.9430289,341.5948364,362.1481447,385.2298378,429.2782728,,
IDA & IBRD total,,,,,,,,,,,,,,,,,,,,,,,,,,,,,,,,,,,,,,,,,73.6283366,78.961897,83.93781486,90.7472473,97.74523666,105.9613688,121.8142689,134.9412249,152.4808898,174.8542083,179.5464136,193.7620026,209.9048221,225.3994792,238.0547289,248.334004,252.7881793,266.056508,281.2657754,297.9597708,331.4252559,,
IDA total,,,,,,,,,,,,,,,,,,,,,,,,,,,,,,,,,,,,,,,,,19.76187027,21.33422092,21.40633927,22.26483814,24.597417,26.16940275,26.31156878,27.14830867,26.71020306,28.84201718,28.21437157,28.77669532,31.51355726,32.68408668,34.36480525,37.8897262,37.83752,39.13249821,41.51906248,42.89393465,49.76364666,,
IDA blend,,,,,,,,,,,,,,,,,,,,,,,,,,,,,,,,,,,,,,,,,24.09150871,27.15990556,26.30889951,26.0437943,31.25610503,32.16956503,29.830315,29.99668067,29.32160859,31.27694853,30.17953122,30.60247769,36.73917654,37.98434612,39.2439761,43.59292145,41.85166675,46.61135998,49.27709103,51.87548584,59.06656893,,
Indonesia,,,,,,,,,,,,,,,,,,,,,,,,,,,,,,,,,,,,,,,,,28.02589232,41.1130804,37.58600847,48.01079193,46.84073437,49.25714915,59.97368933,79.25376883,74.97138542,78.49849165,55.72791141,63.33126836,74.00231469,81.7604291,101.5971505,118.3378254,144.1982381,147.6989562,162.9112555,175.694602,228.3543839,,
IDA only,,,,,,,,,,,,,,,,,,,,,,,,,,,,,,,,,,,,,,,,,17.56689665,18.36742774,18.97377932,20.38649199,21.28514722,23.18273212,24.55955239,25.72855487,25.40561058,27.62230427,27.1994098,27.83217346,28.81054283,29.88156259,31.7923351,34.89347785,35.67630905,35.16413137,37.41369385,38.15279873,44.86380581,,
Isle of Man,,,,,,,,,,,,,,,,,,,,,,,,,,,,,,,,,,,,,,,,,,,,,,,,,,,,,,,,,,,,,,,
India,,,,,,,,,,,,,,,,,,,,,,,,,,,,,,,,,,,,,,,,,17.74201556,17.9997567,17.84681254,18.77253856,19.40725886,22.7737826,24.21348475,26.23959506,29.49650238,35.36220921,36.8532188,41.87442646,44.99009974,43.39853234,44.4306896,49.89803756,54.34460805,59.12487478,64.69660992,67.20094577,69.90273253,,
Not classified,,,,,,,,,,,,,,,,,,,,,,,,,,,,,,,,,,,,,,,,,,,,,,,,,,,,,,,,,,,,,,,
Ireland,,,,,,,,,,,,,,,,,,,,,,,,,,,,,,,,,,,,,,,,,1391.278625,1647.23936,1871.830295,2018.949948,2229.537136,2467.686878,2627.702927,2932.782636,3220.016067,3373.78706,3472.340127,3452.56606,3542.954415,3491.286112,3478.15814,3656.238249,3895.089493,4074.374742,4345.203933,4378.409155,5247.887963,5727.059266,
"Iran, Islamic Rep.",,,,,,,,,,,,,,,,,,,,,,,,,,,,,,,,,,,,,,,,,188.298225,209.8670656,212.6373118,252.2467595,245.6464577,271.3562854,321.1031329,321.3144845,314.9988331,384.4246131,368.5756599,386.0948383,351.9952587,340.3445375,502.5362472,510.1110865,526.4671879,547.0332636,512.2818687,410.8876876,414.4575849,,
Iraq,,,,,,,,,,,,,,,,,,,,,,,,,,,,,,,,,,,,,,,,,,,,82.57739925,250.5616252,188.9998184,162.6496768,217.3581662,274.9095696,339.1511618,288.725331,267.9117335,144.0718765,166.4213425,138.614912,71.51463302,64.13516534,179.5684587,199.3610028,225.4235666,254.3836112,,
Iceland,,,,,,,,,,,,,,,,,,,,,,,,,,,,,,,,,,,,,,,,,2138.730027,2247.779025,2492.953047,2583.212302,2686.878442,2702.169625,2768.893617,2838.215232,2996.742573,2996.27985,2653.650029,2684.285869,2744.190309,2910.702049,3044.33829,3206.123812,3527.167714,3760.254669,3945.40075,4105.942142,4248.249155,4688.239853,
Israel,,,,,,,,,,,,,,,,,,,,,,,,,,,,,,,,,,,,,,,,,1100.131137,1165.783572,1192.858159,1090.963396,1130.12097,1094.258929,1142.141426,1184.292395,1210.294692,1232.2342,1318.353985,1388.625455,1470.986989,1599.045008,1614.343047,1671.380982,1797.997715,1896.335411,1975.225906,2033.03479,2448.588634,,
Italy,,,,,,,,,,,,,,,,,,,,,,,,,,,,,,,,,,,,,,,,,1488.46137,1619.052003,1696.705724,1728.381567,1846.047883,1950.234969,2131.748817,2160.373128,2361.424037,2429.413711,2462.937526,2473.59969,2437.64547,2436.448238,2421.195909,2430.050519,2590.326613,2658.278965,2756.873713,2828.650661,3067.416593,,
Jamaica,,,,,,,,,,,,,,,,,,,,,,,,,,,,,,,,,,,,,,,,,205.8805271,159.7766078,189.4995374,147.5983304,184.6932251,172.6897029,163.1860219,225.395385,251.5284031,241.1570749,247.4039184,260.0153964,234.6003454,258.6866668,270.0943056,323.7096584,345.6536835,405.8975465,404.6191361,424.8206533,438.8177442,,
Jordan,,,,,,,,,,,,,,,,,,,,,,,,,,,,,,,,,,,,,,,,,260.7216302,285.7795322,305.0687194,293.5763734,266.6512278,374.2462109,351.1655687,417.1326977,485.6978758,605.6552922,540.1837156,556.9136673,519.0613582,455.2303164,439.588478,369.0125113,314.5094719,342.6795387,374.715304,383.3618874,358.9028595,,
Japan,,,,,,,,,,,,,,,,,,,,,,,,,,,,,,,,,,,,,,,,,1544.372514,1638.879714,1701.364886,1762.551567,1866.19802,1999.27986,2075.896469,2213.151822,2315.800811,2441.902468,2622.951062,3176.221616,3362.381535,3537.457352,3564.261171,3693.513808,3638.807484,3728.353017,3808.139042,3848.559077,3898.740023,,
Kazakhstan,,,,,,,,,,,,,,,,,,,,,,,,,,,,,,,,,,,,,,,,,160.1300251,171.7828472,187.7369223,219.4399599,278.9004354,341.4174652,352.0384748,301.2934391,396.6581668,468.1013615,347.9862956,375.8630393,447.7548723,444.5084476,518.3775211,438.5541638,478.3164808,463.4559466,442.0908415,453.0057228,662.7196081,,
Kenya,,,,,,,,,,,,,,,,,,,,,,,,,,,,,,,,,,,,,,,,,20.70537613,22.69001818,23.6777619,24.22037862,24.03384278,26.20249873,27.55051031,31.65777727,33.3314833,36.25466942,41.19034882,44.28802583,46.68427833,52.28471757,62.87162581,72.41048292,81.93758093,73.81821676,80.77635277,96.0262658,96.32575921,,
Kyrgyz Republic,,,,,,,,,,,,,,,,,,,,,,,,,,,,,,,,,,,,,,,,,39.48331817,39.51289804,44.07154955,48.55905725,54.40001155,90.03895086,104.9535791,84.91670999,87.24474008,107.3349569,104.6910679,120.948995,152.051013,159.5685773,118.1360902,115.100365,118.0886133,119.9691606,129.4866763,129.3247576,120.8077757,,
Cambodia,,,,,,,,,,,,,,,,,,,,,,,,,,,,,,,,,,,,,,,,,13.94256285,13.87476299,17.44011943,20.07725421,20.65797499,21.07599399,18.59230361,20.93809546,23.60521435,27.86953898,32.96107031,33.34691414,40.33773523,43.31074371,39.65626072,45.87382267,49.4627729,60.28156437,71.35378172,77.99842165,91.80294853,,
Kiribati,,,,,,,,,,,,,,,,,,,,,,,,,,,,,,,,,,,,,,,,,125.7168846,176.4433032,175.2373767,160.1451125,186.3549183,182.3025559,158.859791,156.4918192,175.0650998,143.05942,137.5096015,135.4423291,133.9404143,142.4695001,149.8296431,136.4473498,155.3959842,171.2258411,193.1412859,204.4166375,191.7124309,,
St. Kitts and Nevis,,,,,,,,,,,,,,,,,,,,,,,,,,,,,,,,,,,,,,,,,318.7000785,321.5228853,331.0149108,350.3762027,384.6596763,445.7920411,474.3919972,456.2388336,439.7813324,465.4008266,458.757043,461.960292,454.9845694,467.0697665,514.4702223,515.307097,608.7391688,642.5364855,694.1282356,802.1589826,786.6643762,,
"Korea, Rep.",,,,,,,,,,,,,,,,,,,,,,,,,,,,,,,,,,,,,,,,,365.3571264,491.6690691,507.0109448,551.5898668,596.2305136,667.6191704,790.5813707,884.7020959,938.0353464,1024.697193,1131.455231,1163.118158,1200.259434,1245.629543,1315.930726,1446.825788,1571.186463,1680.86149,1894.842179,2082.227867,2307.590286,2705.37058,
Kuwait,,,,,,,,,,,,,,,,,,,,,,,,,,,,,,,,,,,,,,,,,949.2268949,1485.39801,1443.148703,1486.18379,1390.505525,1304.064641,1241.092913,1345.470915,1356.29843,1769.638861,1695.850326,1552.204439,1588.258959,1576.946533,1696.198868,1657.714089,1763.002502,1994.454923,2267.743508,2325.503823,2627.225598,,
Latin America & Caribbean (excluding high income),,,,,,,,,,,,,,,,,,,,,,,,,,,,,,,,,,,,,,,,,269.6311133,279.4194225,284.0584139,290.7628888,306.7877397,326.7663224,364.4591538,406.3520982,439.1399188,479.1170245,497.3977016,524.3564081,530.1458576,574.9500879,600.5596212,625.8508292,601.4619188,643.2940592,642.8379284,660.7669192,723.8960145,,
Lao PDR,,,,,,,,,,,,,,,,,,,,,,,,,,,,,,,,,,,,,,,,,22.94536269,26.95660354,22.95306372,26.24241856,20.64003973,25.51525416,20.21529264,19.41821747,18.33882119,44.17052028,24.01628193,15.43341136,20.93474804,37.3566809,39.85053444,52.9269319,52.00400257,64.07595097,67.16981788,78.11530119,91.69148455,,
Lebanon,,,,,,,,,,,,,,,,,,,,,,,,,,,,,,,,,,,,,,,,,253.5116743,282.4550353,258.7211713,255.314977,286.7522743,292.1268019,368.2538916,401.2395732,384.3318491,366.7812376,444.7852545,540.7021726,482.6558229,486.354106,535.2519535,510.7704472,609.1630481,645.7394997,686.4234304,637.4369578,350.7015293,,
Liberia,,,,,,,,,,,,,,,,,,,,,,,,,,,,,,,,,,,,,,,,,7.273156017,7.942095333,5.101430529,3.667919473,5.208289875,4.472246829,5.723894866,7.088245668,12.27079055,9.139345624,7.776170643,15.56724198,9.604358656,4.368343074,10.81076745,14.69718986,18.60068152,20.83805878,25.07250976,19.09228152,21.96707603,,
Libya,,,,,,,,,,,,,,,,,,,,,,,,,,,,,,,,,,,,,,,,,312.915891,405.9948877,591.0690758,550.8265612,486.99116,400.1607078,419.9281996,443.3744663,423.2115334,652.032473,660.1408109,409.3367123,,,,,,,,,,,
St. Lucia,,,,,,,,,,,,,,,,,,,,,,,,,,,,,,,,,,,,,,,,,152.3188602,159.4254574,165.2211168,156.3408311,163.3502402,170.1608304,179.9906184,185.895153,202.9001027,224.7775704,228.872044,244.2339143,270.9698755,284.8261807,267.8408124,275.2771212,286.2857392,310.9440641,316.5571798,333.5637303,370.2272795,,
Latin America & Caribbean,,,,,,,,,,,,,,,,,,,,,,,,,,,,,,,,,,,,,,,,,276.0652475,287.5733096,290.9317268,297.810234,316.0935194,331.0274943,383.0608604,422.5272277,444.1126107,482.6436281,500.3457657,532.5976152,539.7658437,577.9408909,601.8031776,626.0821215,604.8474448,652.1985102,654.5755502,665.671831,733.0669759,,
Least developed countries: UN classification,,,,,,,,,,,,,,,,,,,,,,,,,,,,,,,,,,,,,,,,,13.40135045,14.76170758,14.72969655,16.15434381,17.33802868,17.74335679,19.19320824,20.67922875,21.14228417,23.31789859,21.20664437,20.93984795,22.13957629,23.50154004,25.55362709,27.63048564,27.9323049,28.2781161,28.32391343,29.12850968,33.86042983,,
Low income,,,,,,,,,,,,,,,,,,,,,,,,,,,,,,,,,,,,,,,,,16.67673181,17.83616574,17.77001621,20.1603078,20.03144709,20.56429321,20.47198791,22.42693061,20.33091797,23.26109207,21.24145026,19.81111914,19.79407036,17.63968273,19.37007863,22.41353395,22.55351347,20.38825932,19.77875311,20.31380528,25.36303586,,
Liechtenstein,,,,,,,,,,,,,,,,,,,,,,,,,,,,,,,,,,,,,,,,,,,,,,,,,,,,,,,,,,,,,,,
Sri Lanka,,,,,,,,,,,,,,,,,,,,,,,,,,,,,,,,,,,,,,,,,94.56378697,98.78986991,104.5249522,100.4950417,114.2258984,118.9121155,125.4999546,128.6788036,123.6358315,126.2946749,125.625924,139.2884851,144.0768954,183.7422479,177.6446481,194.2299616,201.5791816,184.9986768,236.3824797,205.7506101,248.6239297,,
Lower middle income,,,,,,,,,,,,,,,,,,,,,,,,,,,,,,,,,,,,,,,,,35.00401405,37.93554966,38.60577338,41.29283644,43.35805861,47.9108345,52.8103556,55.6331743,58.55450863,66.71946611,66.89824955,71.3604518,76.2483615,77.66052108,83.59380475,88.78405937,91.76157794,96.76797076,100.0652532,99.80067158,106.2632516,,
Low & middle income,,,,,,,,,,,,,,,,,,,,,,,,,,,,,,,,,,,,,,,,,68.36588675,73.16656348,77.99520283,84.63472931,91.08659091,99.97901469,114.1135193,127.4597783,144.9922418,167.484835,171.2522421,185.3901827,200.7952371,216.6851907,230.2807051,241.0788919,243.4415282,255.0479153,269.2170765,285.7465919,318.2849586,,
Lesotho,,,,,,,,,,,,,,,,,,,,,,,,,,,,,,,,,,,,,,,,,38.59450971,50.57829047,44.86143162,47.76275884,47.45935068,38.73435719,53.96854579,93.28985927,89.06169165,100.3661127,103.8373553,123.5790547,112.5786724,121.2399901,140.1175169,160.5438533,147.4429274,142.5606468,130.9224259,128.252377,154.4643625,,
Late-demographic dividend,,,,,,,,,,,,,,,,,,,,,,,,,,,,,,,,,,,,,,,,,102.9168654,111.8130435,126.7050881,137.108611,148.4084619,164.4099212,190.5981419,215.1005529,257.8521137,303.2197445,318.0313547,346.1734572,384.144237,423.2533881,448.9035665,466.2064036,474.8795249,497.4235384,540.8249084,590.9191576,670.8816891,,
Lithuania,,,,,,,,,,,,,,,,,,,,,,,,,,,,,,,,,,,,,,,,,350.9031229,396.5106857,467.3365825,552.157458,446.8758475,492.6598283,597.7644686,720.4250011,918.2923342,952.8399829,959.7380025,1035.861097,1027.346515,1068.545704,1157.701986,1229.895828,1340.271975,1414.660497,1563.549043,1755.631538,2013.156167,,
Luxembourg,,,,,,,,,,,,,,,,,,,,,,,,,,,,,,,,,,,,,,,,,2735.868673,3026.477464,3340.120649,3539.433808,4007.239588,4158.368232,4419.738925,4510.011975,5018.228755,5281.307508,5223.274079,4802.062869,4328.381367,4483.34774,4696.763722,4686.019025,4902.627678,5054.347112,5275.073272,5537.322708,5974.823219,6433.254129,
Latvia,,,,,,,,,,,,,,,,,,,,,,,,,,,,,,,,,,,,,,,,,220.3806737,252.562837,286.7008123,300.501206,425.2783357,449.8064775,554.3205128,609.5630808,655.0851733,613.1187637,642.7637994,694.5783102,691.5897859,730.8074663,773.446576,824.7153108,910.8741795,973.8701168,1136.8526,1259.509185,1478.950914,,
"Macao SAR, China",,,,,,,,,,,,,,,,,,,,,,,,,,,,,,,,,,,,,,,,,,,,,,,,,,,,,,,,,,,,,,,
St. Martin (French part),,,,,,,,,,,,,,,,,,,,,,,,,,,,,,,,,,,,,,,,,,,,,,,,,,,,,,,,,,,,,,,
Morocco,,,,,,,,,,,,,,,,,,,,,,,,,,,,,,,,,,,,,,,,,36.97820491,42.86137853,47.79896416,47.03620173,50.64174822,58.0587577,96.97929168,109.2049679,121.6634808,142.1143071,149.8119212,165.6018398,171.0875819,176.3037722,152.0694268,154.186384,156.4812534,159.2291576,166.4713819,174.7117835,196.55035,,
Monaco,,,,,,,,,,,,,,,,,,,,,,,,,,,,,,,,,,,,,,,,,1301.74523,1407.589552,1495.864264,1751.596795,1865.272391,1968.448065,2080.484723,2170.813021,2439.138593,2598.977594,2712.82883,2707.990365,2771.976028,2994.006925,3084.591184,3095.154691,2724.710489,2718.983341,2670.660188,2753.199997,2749.466342,,
Moldova,,,,,,,,,,,,,,,,,,,,,,,,,,,,,,,,,,,,,,,,,73.24572558,77.07358551,104.660053,103.250198,188.6499121,198.9061025,222.0199822,255.1278475,263.5268442,276.1858098,238.6244609,235.7431383,262.353736,272.9606134,301.9645389,287.559426,307.6791346,409.8966352,467.6551528,512.8020707,568.3306639,,
Madagascar,,,,,,,,,,,,,,,,,,,,,,,,,,,,,,,,,,,,,,,,,22.27395371,24.88681521,20.47086472,26.55688892,28.57669797,26.52678167,27.14293102,28.63861057,22.40312028,18.66909829,27.90482295,25.28056167,22.1924175,19.49457418,26.49481633,30.01967508,37.20135286,34.77393243,23.97842665,20.18722028,21.77033199,,
Maldives,,,,,,,,,,,,,,,,,,,,,,,,,,,,,,,,,,,,,,,,,268.3756985,194.3008533,198.4230912,211.7312974,243.9902511,276.1921404,349.5250834,494.4242875,870.3842205,714.8840007,578.0099303,506.0279275,590.6538215,658.812586,818.7655456,1097.365006,1353.439486,1252.934772,1164.632425,1284.407621,1282.155911,,
Middle East & North Africa,,,,,,,,,,,,,,,,,,,,,,,,,,,,,,,,,,,,,,,,,263.7610298,294.4865909,293.3019471,288.2775926,294.581269,295.9178859,324.5576003,339.2111712,338.2203267,425.6779616,398.1357096,423.5551883,431.1530317,475.1444906,541.8077545,529.5243527,565.5674203,589.5467509,566.5000216,429.7517493,473.6630827,,
Mexico,,,,,,,,,,,,,,,,,,,,,,,,,,,,,,,,,,,,,,,,,225.4356239,237.0252232,244.0578188,279.0575561,314.5607881,313.6731039,336.6534321,364.15014,394.5421804,421.4617886,445.5909117,487.9426803,522.8963862,549.6121313,529.2914713,554.5023128,558.5143459,552.4965151,546.337994,542.4660486,630.6082843,,
Marshall Islands,,,,,,,,,,,,,,,,,,,,,,,,,,,,,,,,,,,,,,,,,192.8906362,171.8129536,144.3795733,137.4139256,154.5340735,140.2956676,108.4151962,196.4422852,144.9518167,149.2045682,133.4068235,176.2229692,183.8258738,216.6341936,196.7892778,227.1568085,254.4913509,245.5713762,315.2851914,326.7692767,309.1477082,,
Middle income,,,,,,,,,,,,,,,,,,,,,,,,,,,,,,,,,,,,,,,,,72.02201294,77.13865963,82.65506316,89.68762246,96.74949511,106.4177696,121.8513502,136.3046918,155.6788548,180.0701603,184.5394901,200.3085402,217.3828743,234.3867874,249.3689921,261.2160016,263.0006715,276.6596278,292.6018874,311.0964502,346.8061286,,
North Macedonia,,,,,,,,,,,,,,,,,,,,,,,,,,,,,,,,,,,,,,,,,288.2374551,273.2643685,296.0384724,319.7366333,331.4251221,336.5430927,359.1164355,370.5437707,436.9384086,442.0872287,453.4382173,465.5383541,483.6897187,551.2204526,530.2093414,561.8592142,603.7286433,579.5813991,619.9571356,733.7895419,782.1282411,,
Mali,,,,,,,,,,,,,,,,,,,,,,,,,,,,,,,,,,,,,,,,,14.28947645,13.32366883,14.24010846,19.50733098,22.14592192,20.70265062,18.92115431,15.84172614,11.76496353,11.2100284,11.58546284,10.68521315,7.057505116,14.30882375,16.47898431,17.99031369,25.42053508,25.36137427,25.76407104,30.35175992,33.16552268,,
Malta,,,,,,,,,,,,,,,,,,,,,,,,,,,,,,,,,,,,,,,,,869.1704752,893.3837512,1067.000422,1157.852539,1210.105386,1339.865492,1408.18623,1371.319409,1355.656031,1376.046298,1476.660077,1582.270651,1673.1119,1868.931556,1945.473766,2052.023571,2268.43778,2428.404096,2523.845417,2797.25913,3130.98411,,
Myanmar,,,,,,,,,,,,,,,,,,,,,,,,,,,,,,,,,,,,,,,,,2.548047063,2.672701135,4.448850941,3.434921767,4.125971684,3.228372659,5.922000446,5.129801335,4.694265451,5.379276455,5.881712071,7.579612463,15.24733378,23.65673847,43.61630092,50.60809053,29.46892777,32.41924437,33.90077171,37.11032851,38.81969796,,
Middle East & North Africa (excluding high income),,,,,,,,,,,,,,,,,,,,,,,,,,,,,,,,,,,,,,,,,136.154524,154.8623801,162.7652121,163.4090998,174.4595869,176.0948031,196.8868203,210.9491161,223.9857414,265.9708798,254.2341353,261.9402715,246.966777,259.1635592,298.2226316,293.3011395,311.779383,329.9188895,317.2189829,294.3739819,296.6669652,,
Montenegro,,,,,,,,,,,,,,,,,,,,,,,,,,,,,,,,,,,,,,,,,,,,,,,,,,,,690.0298621,720.898666,713.5560991,731.8327935,864.9610327,928.1382897,887.3792386,1053.279399,1153.744581,1408.788452,,
Mongolia,,,,,,,,,,,,,,,,,,,,,,,,,,,,,,,,,,,,,,,,,154.3193243,133.161422,143.1267949,120.7863533,129.6813319,121.6927996,147.9285583,191.9057661,235.3649211,222.9003696,186.5491329,191.8455642,242.6248728,244.1434805,269.4265032,259.4275424,271.9232754,281.476646,272.7545129,320.786572,388.8736796,,
Northern Mariana Islands,,,,,,,,,,,,,,,,,,,,,,,,,,,,,,,,,,,,,,,,,,,,,,,,,,,,,,,,,,,,,,,
Mozambique,,,,,,,,,,,,,,,,,,,,,,,,,,,,,,,,,,,,,,,,,5.429170241,7.31222315,7.103415,7.504002218,7.703861755,10.47065636,9.222419936,10.18241987,11.11536163,12.25626085,12.49953892,13.29118338,13.25812306,16.67744798,20.01693999,23.61684396,23.87233074,22.43346531,23.92411961,24.65563543,31.45698002,,
Mauritania,,,,,,,,,,,,,,,,,,,,,,,,,,,,,,,,,,,,,,,,,14.36279363,16.48900877,26.6275772,25.08972669,24.16694623,30.69646705,30.186832,33.54062059,38.62922522,37.53434201,31.51460298,33.80296475,40.54061033,52.18021258,55.01668486,61.10494773,57.92381304,64.75101529,73.83737945,71.5543331,75.16449038,,
Mauritius,,,,,,,,,,,,,,,,,,,,,,,,,,,,,,,,,,,,,,,,,142.6188774,153.5648624,168.9815726,179.1447455,206.0257529,202.0525622,198.5199873,195.298128,197.1465782,232.562705,309.2336172,287.2866265,314.2089753,341.0848131,446.772764,446.0119364,508.8740709,535.2696308,572.6398608,678.8966888,696.0023523,,
Malawi,,,,,,,,,,,,,,,,,,,,,,,,,,,,,,,,,,,,,,,,,12.77511419,9.950641908,8.868888477,11.22094465,8.635429853,10.98167965,10.32529414,8.792574078,17.45176009,14.28573019,16.08862222,17.03769315,13.75909291,22.86387406,23.550315,27.05716179,27.55814556,25.01048694,25.43276382,26.48282069,29.88618879,,
Malaysia,,,,,,,,,,,,,,,,,,,,,,,,,,,,,,,,,,,,,,,,,166.7998518,192.3525002,203.0915602,237.3188095,243.7712857,232.7686379,304.3104981,315.2956636,324.4156866,357.9896078,343.0572059,381.3944042,426.0675632,440.927099,494.5994544,491.3880256,469.608021,498.5218209,529.5344918,579.6489546,592.3006222,,
North America,,,,,,,,,,,,,,,,,,,,,,,,,,,,,,,,,,,,,,,,,1987.80503,2181.634403,2357.570748,2524.580849,2697.725254,2861.167222,3072.875987,3235.939471,3413.204729,3613.177782,3745.959029,3838.655641,3950.505129,4084.467831,4367.19111,4612.43923,4772.319794,4916.006917,5124.679789,5318.399853,6426.552845,,
Namibia,,,,,,,,,,,,,,,,,,,,,,,,,,,,,,,,,,,,,,,,,248.1002746,256.6104099,282.2280115,300.7907431,322.8922662,307.7410433,306.9104375,365.4477563,332.3100968,277.134296,337.2141959,365.4713668,366.1064763,412.4178868,412.0198979,454.266441,462.6566845,419.3831244,406.8353058,417.1061872,417.967551,,
New Caledonia,,,,,,,,,,,,,,,,,,,,,,,,,,,,,,,,,,,,,,,,,,,,,,,,,,,,,,,,,,,,,,,
Niger,,,,,,,,,,,,,,,,,,,,,,,,,,,,,,,,,,,,,,,,,8.533148065,9.165557244,9.943038951,8.858717369,9.716276463,16.87359388,19.04339845,14.18993523,15.51502254,15.23031775,13.75362504,13.43219684,11.91645958,14.96320773,14.4444941,12.65086841,12.56071266,21.79176343,21.58608469,25.66245437,30.01177893,,
Nigeria,,,,,,,,,,,,,,,,,,,,,,,,,,,,,,,,,,,,,,,,,14.11010218,22.03436631,15.52839679,28.80232451,40.14608181,41.04233937,33.79476465,31.34180005,29.0104513,27.56941008,21.09744554,23.43194505,26.76289497,25.1324982,24.15105163,31.46878233,24.50642488,27.27237955,25.93212717,24.85754566,25.96654232,,
Nicaragua,,,,,,,,,,,,,,,,,,,,,,,,,,,,,,,,,,,,,,,,,70.69865747,70.3036238,71.12474661,76.21807659,72.43583294,84.83958759,102.484912,120.122915,126.3626272,145.0545854,140.749135,149.5083102,164.6893499,176.7083131,203.2989281,233.5880754,261.3088594,287.3209932,298.8586918,294.1306398,291.4070026,,
Netherlands,,,,,,,,,,,,,,,,,,,,,,,,,,,,,,,,,,,,,,,,,1699.080548,1865.489292,2086.409773,2170.586189,2237.018919,2339.63927,2459.686474,2624.093574,2916.720363,3038.335311,3137.299971,3267.929637,3415.809112,3601.613594,3536.422546,3437.304122,3535.241707,3592.284554,3819.680999,3957.09684,4549.708753,,
Norway,,,,,,,,,,,,,,,,,,,,,,,,,,,,,,,,,,,,,,,,,2333.285596,2514.142411,2842.220627,2965.850647,3125.80533,3318.223007,3587.408142,3791.523686,4160.724725,4268.053326,4395.786627,4636.580486,4894.099085,5112.330773,5281.861638,5252.680621,5354.154094,5644.216882,6015.600133,6055.042328,6144.528428,5922.237056,
Nepal,,,,,,,,,,,,,,,,,,,,,,,,,,,,,,,,,,,,,,,,,7.318566462,9.273619581,12.60803571,10.9659697,11.40819138,14.02151646,16.64449831,14.04912781,15.83525333,18.57944869,19.45884533,18.03798727,19.46478453,20.10268895,25.22769607,26.65655754,29.4810651,37.24228748,40.64593098,45.08327035,61.87414264,,
Nauru,,,,,,,,,,,,,,,,,,,,,,,,,,,,,,,,,,,,,,,,,1013.003991,752.8818668,515.0297163,420.9823457,196.5505498,390.2155881,517.3880673,635.6781712,594.7869047,328.2571585,442.8597157,364.6089062,305.798727,485.2647888,696.7373613,1010.090795,1206.538619,990.2575353,1291.597407,1364.494605,1125.501453,,
New Zealand,,,,,,,,,,,,,,,,,,,,,,,,,,,,,,,,,,,,,,,,,1197.879264,1245.476369,1379.747754,1400.132608,1529.493916,1635.102999,1853.468531,1940.835587,2112.39063,2293.950525,2346.64688,2454.088341,2498.448216,2628.73106,2716.399744,2609.548426,2779.183863,2897.069247,2911.742255,3261.570158,3480.441946,,
OECD members,,,,,,,,,,,,,,,,,,,,,,,,,,,,,,,,,,,,,,,,,1337.626853,1448.804799,1551.764392,1637.300543,1735.533376,1829.449894,1964.818723,2071.063239,2206.241756,2341.036778,2424.199972,2546.283928,2613.91923,2717.536393,2835.250268,2952.933216,3070.000209,3172.837749,3298.400125,3411.81135,3894.150102,,
Oman,,,,,,,,,,,,,,,,,,,,,,,,,,,,,,,,,,,,,,,,,869.0952473,924.9925017,963.7290405,935.4566101,888.4271679,805.4622927,751.7497496,836.4399316,730.8622721,1113.854389,1090.498272,919.7308169,947.8160594,1042.292175,1257.755316,1341.072694,1268.402447,1206.912739,973.3956492,1174.499111,1637.64819,,
Other small states,,,,,,,,,,,,,,,,,,,,,,,,,,,,,,,,,,,,,,,,,282.1488422,305.8933149,331.162933,372.1521947,383.6133194,376.511293,394.0895463,428.5672221,448.4601857,507.7823914,506.1161039,518.9086944,567.2805886,630.493745,670.0191443,712.0968247,696.833745,706.5520621,701.0511375,761.1229461,882.2788735,,
Pakistan,,,,,,,,,,,,,,,,,,,,,,,,,,,,,,,,,,,,,,,,,26.01069606,25.38199687,28.50830571,17.19270539,19.84043395,19.82050383,18.05347749,19.09248657,16.80336069,20.39919044,21.095128,18.1415156,25.55660058,27.10145748,26.7014567,31.46934494,33.20355216,44.65016988,49.66768206,51.49881191,55.64864178,,
Panama,,,,,,,,,,,,,,,,,,,,,,,,,,,,,,,,,,,,,,,,,401.0550621,393.4843115,403.9414097,395.7021669,461.5205209,411.3426928,498.6457952,661.6388675,683.2739288,697.9955393,734.6803014,746.5506084,759.0854543,882.7243769,1008.426343,1109.375903,1252.6307,1396.425284,1456.466701,1579.676083,1577.573155,,
Peru,,,,,,,,,,,,,,,,,,,,,,,,,,,,,,,,,,,,,,,,,114.1308253,123.3069041,133.5779328,131.3977159,137.4509798,163.8443563,157.1853064,171.2978906,192.5274061,223.8175305,238.7332708,239.2539629,266.0436357,299.0558905,340.79643,350.9177883,371.7789113,385.9689673,420.4233022,439.4850944,511.6038723,,
Philippines,,,,,,,,,,,,,,,,,,,,,,,,,,,,,,,,,,,,,,,,,46.67474452,41.02116431,35.77553451,42.79683355,44.85192755,54.17822644,56.45654537,58.76255111,60.771075,66.86201028,73.62467351,61.78775659,68.56269505,73.49809927,87.2303188,104.6047645,112.2215075,118.6435257,131.6109411,153.9691626,186.9869754,,
Palau,,,,,,,,,,,,,,,,,,,,,,,,,,,,,,,,,,,,,,,,,448.7850453,414.3311651,388.1353056,424.3355183,478.4612872,418.9740836,462.4236514,455.6078137,403.9577555,495.7225273,525.8138965,572.1498296,650.8585356,707.054341,728.2204802,692.8926532,1137.621587,1092.046641,1190.333642,1279.094934,2222.512786,,
Papua New Guinea,,,,,,,,,,,,,,,,,,,,,,,,,,,,,,,,,,,,,,,,,35.40104737,34.22959101,35.2592755,30.43629506,38.09205898,36.19190851,37.39869271,39.85823724,37.70777317,40.47303028,36.54762148,43.98705394,55.54515204,62.21091823,71.36167791,51.03898785,64.64173175,66.71186596,63.93308588,55.81378238,67.66772318,,
Poland,,,,,,,,,,,,,,,,,,,,,,,,,,,,,,,,,,,,,,,,,384.899496,443.2134715,500.8629888,501.5225223,528.555147,552.843258,606.2358214,687.6413206,831.1796581,909.7255263,964.6007859,1011.753543,1031.988708,1107.181253,1137.688757,1190.381048,1273.610821,1357.43979,1437.204437,1555.094862,1606.558324,,
Pre-demographic dividend,,,,,,,,,,,,,,,,,,,,,,,,,,,,,,,,,,,,,,,,,15.22571927,18.96684882,16.59228064,23.83268328,36.15897606,33.73839181,32.48422325,35.18629186,38.45063981,42.85069664,36.48315537,36.68199395,31.84167877,33.54820117,34.29386493,34.73094706,33.19549371,37.41446609,37.92587053,40.26372644,46.01250841,,
Puerto Rico,,,,,,,,,,,,,,,,,,,,,,,,,,,,,,,,,,,,,,,,,,,,,,,,,,,,,,,,,,,,,,,
"Korea, Dem. People's Rep.",,,,,,,,,,,,,,,,,,,,,,,,,,,,,,,,,,,,,,,,,,,,,,,,,,,,,,,,,,,,,,,
Portugal,,,,,,,,,,,,,,,,,,,,,,,,,,,,,,,,,,,,,,,,,1136.767409,1185.703778,1290.756249,1345.086861,1446.184901,1556.651742,1466.182534,1494.470628,1597.903206,1711.118336,1819.166339,1677.873764,1559.959138,1631.872068,1653.785444,1701.396389,1825.542781,1878.351632,2009.300829,2093.442406,2323.869936,,
Paraguay,,,,,,,,,,,,,,,,,,,,,,,,,,,,,,,,,,,,,,,,,160.7222098,134.1531554,101.1840275,117.9549276,122.1119796,126.2261617,149.8792637,158.2279572,158.820649,206.8754135,230.8618686,280.2159153,329.4145979,318.1221315,392.4069395,392.5594752,409.9976081,411.761343,429.6546451,471.0176238,575.9463406,,
West Bank and Gaza,,,,,,,,,,,,,,,,,,,,,,,,,,,,,,,,,,,,,,,,,,,,,,,,,,,,,,,,,,,,,,,
Pacific island small states,,,,,,,,,,,,,,,,,,,,,,,,,,,,,,,,,,,,,,,,,125.6751021,116.5393904,119.1585968,118.3179618,124.3338029,141.7155679,144.5217323,148.8205508,136.175367,133.1614719,133.8469236,130.5697442,135.7471838,142.323602,157.5578103,173.032675,179.3420619,187.1811031,218.2113182,229.2269116,216.6060468,,
Post-demographic dividend,,,,,,,,,,,,,,,,,,,,,,,,,,,,,,,,,,,,,,,,,1518.810904,1647.665121,1769.534037,1874.146596,1986.771215,2105.606661,2261.289107,2386.077128,2535.898319,2689.615109,2787.899806,2929.809867,3011.114373,3134.033435,3284.534263,3429.992421,3562.303492,3687.161559,3842.798288,3981.295468,4559.910108,,
French Polynesia,,,,,,,,,,,,,,,,,,,,,,,,,,,,,,,,,,,,,,,,,,,,,,,,,,,,,,,,,,,,,,,
Qatar,,,,,,,,,,,,,,,,,,,,,,,,,,,,,,,,,,,,,,,,,1061.664024,1309.158146,1437.140155,2478.418326,2541.914921,2155.867476,2007.54476,1793.05851,1486.060251,1920.608432,1817.05875,1850.390189,2258.280137,2772.93363,3012.491502,3156.277662,2588.972596,2500.330036,2348.567243,2575.166224,3108.094597,,
Romania,,,,,,,,,,,,,,,,,,,,,,,,,,,,,,,,,,,,,,,,,194.9749036,224.4682011,262.3139893,336.4918235,362.2879662,422.1936011,463.2930767,553.8601162,680.3371883,688.1088549,780.1922592,629.3023905,685.2529435,810.154795,816.7245225,830.8132062,946.6633249,1095.57517,1296.24571,1462.734539,1611.457248,,
Russian Federation,,,,,,,,,,,,,,,,,,,,,,,,,,,,,,,,,,,,,,,,,217.5310256,239.5859235,276.6843135,296.8706058,305.9338722,368.8605767,469.1786049,524.4056084,661.880435,725.8419339,668.0367563,682.9535685,762.0297214,823.8524589,835.1682858,757.9917081,734.6967455,800.7540479,925.0990197,1042.373942,1607.231374,,
Rwanda,,,,,,,,,,,,,,,,,,,,,,,,,,,,,,,,,,,,,,,,,4.052698059,4.713124155,5.784061022,17.87995963,16.0857194,14.79929155,14.88740192,18.86553717,21.62432168,23.38204063,26.80974101,31.03736673,29.78618032,32.66344458,36.51591537,37.10588986,41.12556024,43.12652564,49.17446315,57.17441047,63.83379641,,
South Asia,,,,,,,,,,,,,,,,,,,,,,,,,,,,,,,,,,,,,,,,,18.69414903,18.74494589,19.00927152,18.47742573,19.46584007,22.10064458,23.24076786,25.03012485,27.24770402,32.12697146,33.43717967,37.07593537,40.45642416,39.98022293,40.79351547,45.70506886,49.89752567,54.95196153,60.39735522,62.16107575,65.57761154,,
Saudi Arabia,,,,,,,,,,,,,,,,,,,,,,,,,,,,,,,,,,,,,,,,,1160.633409,1219.260363,1115.61426,1157.675535,1117.069965,1140.968122,1237.770309,1181.482853,927.868934,1301.659088,1085.383569,1310.11698,1489.374841,1658.606521,2000.957103,1933.676315,1980.752756,2060.554801,1895.46287,,,,
Sudan,,,,,,,,,,,,,,,,,,,,,,,,,,,,,,,,,,,,,,,,,37.26516087,33.9232343,35.86206167,42.29397979,55.41830853,59.95445097,71.26096031,86.95724363,75.82417435,109.922728,70.47943023,66.68120598,58.68091389,45.32695058,64.68645064,100.4458494,71.83470564,48.51403471,47.91310063,44.79916286,53.80425904,,
Senegal,,,,,,,,,,,,,,,,,,,,,,,,,,,,,,,,,,,,,,,,,25.28946212,29.74982688,27.93852043,33.79441108,37.31265331,38.35812437,43.46078698,33.50322024,36.2852892,37.08776791,31.1796801,35.36228799,33.8292404,32.54875399,31.01995638,32.53328662,33.39088926,32.93780675,38.60053493,37.90065298,61.07131716,,
Singapore,,,,,,,,,,,,,,,,,,,,,,,,,,,,,,,,,,,,,,,,,529.0810198,382.0085432,474.6341899,634.7988307,541.8389821,576.9133576,624.1272354,641.74681,805.6099153,780.5189716,850.6579132,920.9799222,1059.628913,1257.338548,1445.409857,1676.956355,1825.198489,1955.462134,1992.636736,2283.468697,3054.244249,,
Solomon Islands,,,,,,,,,,,,,,,,,,,,,,,,,,,,,,,,,,,,,,,,,69.67704142,86.74770543,79.69210813,77.15631648,77.10442403,107.4171103,93.09788184,92.26860805,61.89746033,61.52207361,62.7166391,65.24939004,67.49613362,66.75350492,71.33035626,73.96747004,79.32560179,80.72363455,83.15855115,92.50266567,93.72328496,,
Sierra Leone,,,,,,,,,,,,,,,,,,,,,,,,,,,,,,,,,,,,,,,,,21.01336491,15.72490033,21.31243755,17.88076608,18.04085561,15.53335245,10.2785862,11.04982144,6.822919682,10.17674963,14.38155569,10.61709104,13.23114119,13.87705628,23.4954666,25.72573273,30.30483994,13.55993893,12.67414848,21.37963433,22.76152709,,
El Salvador,,,,,,,,,,,,,,,,,,,,,,,,,,,,,,,,,,,,,,,,,174.0518574,173.5837036,186.3071033,186.7662009,199.5441288,223.4470329,255.7542195,242.524079,250.5244817,247.2006254,270.9528225,313.9943655,294.999621,331.8360785,343.7367523,370.8752998,396.2395022,394.9493249,410.3405517,442.9268947,506.3502762,,
San Marino,,,,,,,,,,,,,,,,,,,,,,,,,,,,,,,,,,,,,,,,,2135.791757,2278.647889,2061.25776,1934.950333,2041.535065,2135.706731,2371.49182,2613.30256,2927.47289,3054.517776,3005.615756,3697.365074,3865.823053,3627.983524,3645.595402,3544.610635,4286.297275,4307.034071,4532.788587,4632.723462,4617.12247,,
Somalia,,,,,,,,,,,,,,,,,,,,,,,,,,,,,,,,,,,,,,,,,,,,,,,,,,,,,,,,,,,,,,,
Serbia,,,,,,,,,,,,,,,,,,,,,,,,,,,,,,,,,,,,,,,,,243.2780531,281.398246,395.5876376,408.95224,451.227206,496.8606034,540.924244,641.4777814,739.6562955,720.8111825,742.2905995,763.9241087,805.4116257,813.5004331,787.8495494,756.9169028,770.3999093,782.7030958,895.0113482,949.2100309,1008.805995,,
Sub-Saharan Africa (excluding high income),,,,,,,,,,,,,,,,,,,,,,,,,,,,,,,,,,,,,,,,,31.44195841,33.6116471,32.00691254,39.30865681,43.22405343,45.60171394,50.28255717,53.54129392,55.18595742,59.63647263,58.86395251,61.35977805,61.87418421,63.39495355,65.91111186,70.68227055,69.07050414,67.89132284,68.75490679,71.12016103,76.97349132,,
South Sudan,,,,,,,,,,,,,,,,,,,,,,,,,,,,,,,,,,,,,,,,,,,,,,,,,,,,,,,,,,7.297631916,7.400950068,8.460334895,4.279737756,,
Sub-Saharan Africa,,,,,,,,,,,,,,,,,,,,,,,,,,,,,,,,,,,,,,,,,31.50691517,33.67315201,32.06758105,39.37103113,43.27794744,45.65718081,50.34058844,53.59694683,55.22744124,59.67534618,58.91899658,61.41203118,61.94642287,63.45324904,65.97476006,70.74537979,69.145227,67.96931868,68.84124353,71.20352952,77.09450282,,
Small states,,,,,,,,,,,,,,,,,,,,,,,,,,,,,,,,,,,,,,,,,254.3265493,267.7061519,293.091281,322.9285471,338.2044209,338.3643004,352.8686891,387.0290753,403.6804694,457.552917,456.480129,467.9192824,503.3721947,556.9802469,589.713685,632.8192952,628.1904054,647.5077741,645.9300299,699.3173111,795.7993567,,
Sao Tome and Principe,,,,,,,,,,,,,,,,,,,,,,,,,,,,,,,,,,,,,,,,,60.90451102,66.1684784,69.34799891,118.4141373,105.6368649,110.3145877,13.20473564,41.4378536,32.77607605,45.86200252,58.34287094,66.86150912,61.83738981,87.59734595,89.48138211,64.26507156,100.1416072,115.9199255,113.3625762,98.46692194,105.491981,,
Suriname,,,,,,,,,,,,,,,,,,,,,,,,,,,,,,,,,,,,,,,,,235.1901502,157.1708761,216.8452228,202.4789907,251.2954156,257.8845379,315.7292395,320.4429616,273.0856505,305.6786501,279.83409,269.145584,287.9195306,330.1537716,336.819493,529.1096395,542.8935684,550.21857,861.5849271,1180.191919,707.8224272,,
Slovak Republic,,,,,,,,,,,,,,,,,,,,,,,,,,,,,,,,,,,,,,,,,526.8024735,582.0136526,644.7266702,672.0222479,763.7618168,823.7407719,902.7726856,1047.024648,1234.008146,1315.123479,1382.925543,1383.490619,1447.675668,1540.37526,1586.202329,1600.975208,1687.665926,1611.084902,1657.682328,1751.657899,1820.664916,,
Slovenia,,,,,,,,,,,,,,,,,,,,,,,,,,,,,,,,,,,,,,,,,1003.50962,1054.069876,1176.267056,1230.985412,1301.309053,1379.433997,1446.105902,1460.189318,1687.186945,1699.851584,1726.085527,1787.057691,1794.775344,1842.816733,1851.758705,1918.505314,2076.977153,2145.892709,2343.596195,2517.687203,2734.034234,,
Sweden,,,,,,,,,,,,,,,,,,,,,,,,,,,,,,,,,,,,,,,,,1835.414857,1945.286449,2100.302076,2204.011731,2280.665059,2301.598652,2511.164823,2709.251215,2866.338482,2928.216358,2909.327127,3939.585962,4123.262154,4263.039297,4363.755658,4477.977575,4645.326042,4775.509434,4991.816039,5058.441256,5452.328549,,
Eswatini,,,,,,,,,,,,,,,,,,,,,,,,,,,,,,,,,,,,,,,,,111.0682188,112.2516769,119.8541867,151.5429149,166.0859036,217.3028138,224.257363,259.4700673,314.7023931,321.131757,318.0979638,282.2247364,273.998116,281.4017081,234.4446413,252.9083911,241.5791528,290.9824026,298.521343,302.904318,300.0172714,,
Sint Maarten (Dutch part),,,,,,,,,,,,,,,,,,,,,,,,,,,,,,,,,,,,,,,,,,,,,,,,,,,,,,,,,,,,,,,
Seychelles,,,,,,,,,,,,,,,,,,,,,,,,,,,,,,,,,,,,,,,,,547.4882843,534.8686636,524.4763872,565.2109618,511.7222432,538.7131273,569.5218605,562.7529402,436.755241,425.7805893,584.9964646,588.3205339,803.2047316,666.8609022,732.6249779,735.248616,866.831721,921.5716107,1029.711267,1015.238139,1471.619444,,
Syrian Arab Republic,,,,,,,,,,,,,,,,,,,,,,,,,,,,,,,,,,,,,,,,,51.79402376,63.41962549,77.72701261,88.26123803,82.27557459,85.05459083,76.55801325,76.77967363,70.31874019,75.03556438,71.42815908,76.71135317,65.34092205,,,,,,,,,,
Turks and Caicos Islands,,,,,,,,,,,,,,,,,,,,,,,,,,,,,,,,,,,,,,,,,,,,,,,,,,,,,,,,,,,,,,,
Chad,,,,,,,,,,,,,,,,,,,,,,,,,,,,,,,,,,,,,,,,,17.46651261,17.14215924,20.7299828,19.29052083,27.96156061,22.38377223,15.58612454,16.43765784,12.96620717,15.30925303,15.61252811,14.89870939,16.47150213,18.08416479,20.4878329,17.47259667,13.8050507,11.08797014,10.22146124,11.05494245,14.54783861,,
East Asia & Pacific (IDA & IBRD countries),,,,,,,,,,,,,,,,,,,,,,,,,,,,,,,,,,,,,,,,,34.34721406,37.70396559,44.69624669,54.11123094,60.81833185,70.38689734,82.71104415,98.59745514,122.4559883,156.0541483,170.1131668,197.2888061,233.5623754,261.349931,285.090659,311.9362952,320.5213452,334.7468627,367.5724874,406.4725321,437.3261449,,
Europe & Central Asia (IDA & IBRD countries),,,,,,,,,,,,,,,,,,,,,,,,,,,,,,,,,,,,,,,,,206.4036923,230.682734,260.7888166,284.4803304,305.1691301,344.9165801,407.2983776,451.1976814,532.9859478,579.6826103,567.9897824,577.6626115,622.3608097,663.7178399,680.3551764,661.7467196,684.2351231,723.0847394,782.3498929,846.5919848,1077.746723,,
Togo,,,,,,,,,,,,,,,,,,,,,,,,,,,,,,,,,,,,,,,,,3.753016842,4.204251293,4.534603856,5.304444788,6.191829878,6.725824235,7.751623657,8.431345629,8.554751748,10.20496229,17.38677143,17.09397742,19.56865877,16.7076877,18.14928294,17.42444239,18.80621265,20.67914973,21.10192068,18.72165709,27.12114787,,
Thailand,,,,,,,,,,,,,,,,,,,,,,,,,,,,,,,,,,,,,,,,,124.7653616,127.1224693,169.4286366,180.678231,192.4421303,205.1954237,244.0091807,283.7763782,315.4742714,318.1794297,324.8125074,362.2672075,390.9640887,395.77565,422.2826479,425.1351029,462.8178857,472.0519263,496.1015817,522.8692726,544.6143596,,
Tajikistan,,,,,,,,,,,,,,,,,,,,,,,,,,,,,,,,,,,,,,,,,9.305388884,9.773723781,10.04642554,10.70106688,13.82141291,16.50584226,16.81316776,21.13359889,28.8978238,23.61007505,27.14079072,32.220909,43.77224882,57.38363556,68.94350689,60.66698221,61.54061611,64.33770757,66.14312827,70.72039892,82.33514948,,
Turkmenistan,,,,,,,,,,,,,,,,,,,,,,,,,,,,,,,,,,,,,,,,,80.50596173,85.61422586,85.71722317,112.4520114,119.469649,114.6239981,98.83147295,99.77223342,78.40931162,101.7706433,113.8467663,138.6586304,148.5296728,180.7154082,193.0248523,199.280926,164.5839558,212.1647392,175.5133753,166.4671733,160.9135319,,
Latin America & the Caribbean (IDA & IBRD countries),,,,,,,,,,,,,,,,,,,,,,,,,,,,,,,,,,,,,,,,,271.9222242,282.3884336,284.7072485,291.1092048,309.8823666,318.7959789,368.0082016,397.2314202,416.8000771,452.1631174,473.7081606,505.3959138,518.5583203,551.6629605,566.9964073,584.0456558,574.5099986,623.4585268,626.2376445,636.5891824,703.6963007,,
Timor-Leste,,,,,,,,,,,,,,,,,,,,,,,,,,,,,,,,,,,,,,,,,,,,17.45129721,22.63715782,29.78160938,32.38399832,14.42605274,56.22896511,58.3989361,64.06144371,73.49697522,96.88384903,109.6430745,111.283194,127.3043934,106.7351901,139.9753323,123.6386311,109.1145408,191.7889012,,
Middle East & North Africa (IDA & IBRD countries),,,,,,,,,,,,,,,,,,,,,,,,,,,,,,,,,,,,,,,,,136.154524,154.8623801,162.7652121,163.4090998,174.4595869,176.0948031,196.8868203,210.9491161,223.9857414,265.9708798,254.2341353,261.9402715,246.966777,259.1635592,298.2226316,293.3011395,311.779383,329.9188895,317.2189829,294.3739819,296.6669652,,
Tonga,,,,,,,,,,,,,,,,,,,,,,,,,,,,,,,,,,,,,,,,,79.35163277,89.72581516,100.7147963,97.62773938,98.60700662,107.4738553,120.1344335,137.4687802,133.3373485,133.5994042,127.6575055,133.2515265,126.2112017,142.4137068,154.3942774,151.6011238,177.1544395,181.9459609,206.2910507,191.4292507,204.1131289,,
South Asia (IDA & IBRD),,,,,,,,,,,,,,,,,,,,,,,,,,,,,,,,,,,,,,,,,18.69414903,18.74494589,19.00927152,18.47742573,19.46584007,22.10064458,23.24076786,25.03012485,27.24770402,32.12697146,33.43717967,37.07593537,40.45642416,39.98022293,40.79351547,45.70506886,49.89752567,54.95196153,60.39735522,62.16107575,65.57761154,,
Sub-Saharan Africa (IDA & IBRD countries),,,,,,,,,,,,,,,,,,,,,,,,,,,,,,,,,,,,,,,,,31.50691517,33.67315201,32.06758105,39.37103113,43.27794744,45.65718081,50.34058844,53.59694683,55.22744124,59.67534618,58.91899658,61.41203118,61.94642287,63.45324904,65.97476006,70.74537979,69.145227,67.96931868,68.84124353,71.20352952,77.09450282,,
Trinidad and Tobago,,,,,,,,,,,,,,,,,,,,,,,,,,,,,,,,,,,,,,,,,220.5574421,259.3965254,319.1457121,357.7969013,384.8836674,482.946833,486.841902,536.3519448,511.1448737,735.9988196,715.0072238,694.0290363,672.7933712,731.8021625,729.3384099,804.5281007,847.237777,901.8867735,806.8889971,797.4592504,772.812672,,
Tunisia,,,,,,,,,,,,,,,,,,,,,,,,,,,,,,,,,,,,,,,,,155.8287538,163.7412023,174.3448548,186.0267504,199.5134535,207.5179261,228.6437354,255.7521927,273.1587478,298.1233146,324.8524198,355.6918441,373.2359912,401.8119603,400.1641987,353.0573196,365.3858343,364.3189444,353.5262296,325.4112188,399.8545238,,
Turkiye,,,,,,,,,,,,,,,,,,,,,,,,,,,,,,,,,,,,,,,,,269.4350615,300.9310598,328.7637048,342.3087372,382.122014,393.3366191,481.202248,533.0985648,606.0129434,681.2491059,678.7917857,721.7889258,724.8462192,761.9301113,799.4680797,816.7858159,877.9674863,895.9193072,887.1695243,909.3646917,994.0514637,,
Tuvalu,,,,,,,,,,,,,,,,,,,,,,,,,,,,,,,,,,,,,,,,,577.8254563,443.1289561,323.8221508,351.1657729,247.9887071,262.323365,280.4073827,289.3457932,310.8103052,312.5869617,388.6533275,380.5379035,377.4885746,328.8531792,419.4082201,387.8925149,447.5284307,484.856752,723.6910959,850.4253541,1010.413118,,
Tanzania,,,,,,,,,,,,,,,,,,,,,,,,,,,,,,,,,,,,,,,,,7.762849568,12.0045902,15.55210725,18.46588724,26.27310458,33.24723785,39.62466423,33.98284768,41.23816174,28.14230355,28.76600934,27.17262071,23.59982642,24.8619251,25.68819204,28.08643235,37.79063377,37.62425217,39.01145167,40.91174774,43.4931411,,
Uganda,,,,,,,,,,,,,,,,,,,,,,,,,,,,,,,,,,,,,,,,,12.01525752,13.07631486,15.90134816,16.55162433,15.05020754,13.20643392,14.25750636,16.3382218,17.7201454,16.85786721,22.83568676,22.11408647,20.84150648,22.1691849,22.01750977,17.52126025,17.31423547,14.28938169,15.91608179,14.26276002,16.07561959,,
Ukraine,,,,,,,,,,,,,,,,,,,,,,,,,,,,,,,,,,,,,,,,,107.6145324,129.91245,153.8498427,205.5309843,221.757502,259.8684791,301.7363202,309.8721797,291.022808,301.2982471,305.1646866,306.3140802,350.9236228,358.4389512,353.1010564,356.3733589,386.1317264,396.1362407,419.4359957,403.1273932,465.9090288,,
Upper middle income,,,,,,,,,,,,,,,,,,,,,,,,,,,,,,,,,,,,,,,,,107.4891978,115.0914512,125.7310225,136.9704093,149.4298425,164.691845,191.2636733,218.1772137,255.1101925,297.1030857,307.7003401,336.4406791,367.8064635,402.6222973,428.628907,449.0391211,450.904355,475.4891812,507.0233378,548.2598586,619.1513781,,
Uruguay,,,,,,,,,,,,,,,,,,,,,,,,,,,,,,,,,,,,,,,,,429.8890545,484.4179983,478.0793412,532.1199789,494.2063962,441.3933735,498.1063816,535.7162178,734.8033169,793.7150291,868.9215128,958.0214004,1026.315453,1123.75608,1203.559087,1249.169513,1358.489143,1412.562729,1479.283306,1515.971003,1514.513924,,
United States,,,,,,,,,,,,,,,,,,,,,,,,,,,,,,,,,,,,,,,,,2012.092106,2212.367943,2397.77156,2567.217012,2746.643862,2911.55858,3138.066026,3304.99804,3490.284622,3688.40547,3827.503619,3925.873943,4040.63411,4175.361851,4484.163553,4748.717343,4906.429682,5057.326694,5275.919694,5495.167388,6643.357686,,
Uzbekistan,,,,,,,,,,,,,,,,,,,,,,,,,,,,,,,,,,,,,,,,,62.11230661,66.1655372,65.57127849,67.34346581,69.90223285,76.55245945,87.27853507,91.77559493,103.7465552,118.8389763,115.8949581,123.2754414,142.9157897,152.7513631,151.7657027,159.268331,141.4563065,139.2403193,142.7462993,176.1573676,245.9387576,,
St. Vincent and the Grenadines,,,,,,,,,,,,,,,,,,,,,,,,,,,,,,,,,,,,,,,,,176.8979874,180.4606848,195.9820699,202.790703,203.9908015,210.9764022,212.6932807,220.5686253,250.8908436,270.5264673,270.6563079,259.7097888,305.0721621,312.911095,308.9323021,313.8374318,349.9471172,365.389429,407.8808983,434.5564651,474.7004052,,
"Venezuela, RB",,,,,,,,,,,,,,,,,,,,,,,,,,,,,,,,,,,,,,,,,391.7641029,426.1607599,389.9313112,382.9834972,444.6257529,381.1151896,693.682563,666.6621937,447.8087106,437.744751,428.8381662,535.7519573,521.7670745,401.3925848,358.7392856,332.1905948,260.3804628,338.9797031,329.129315,174.2380739,259.2762493,,
British Virgin Islands,,,,,,,,,,,,,,,,,,,,,,,,,,,,,,,,,,,,,,,,,,,,,,,,,,,,,,,,,,,,,,,
Virgin Islands (U.S.),,,,,,,,,,,,,,,,,,,,,,,,,,,,,,,,,,,,,,,,,,,,,,,,,,,,,,,,,,,,,,,
Vietnam,,,,,,,,,,,,,,,,,,,,,,,,,,,,,,,,,,,,,,,,,34.01811613,32.76466285,38.47819336,38.1147507,50.95429352,55.87751784,63.29863303,68.49097914,73.44727764,76.38088526,100.2319097,103.4140797,133.4337271,160.795223,140.1384436,144.9850673,177.4085893,196.6718479,206.9372579,217.7252539,232.871,,
Vanuatu,,,,,,,,,,,,,,,,,,,,,,,,,,,,,,,,,,,,,,,,,52.88770917,51.85821733,50.76134258,49.90537304,48.54628665,47.37697815,51.81948197,55.37171771,59.50470718,53.11841441,51.46994156,64.39853533,63.08284115,61.47943623,16.49823832,58.30706705,38.08877712,44.59810829,66.74982819,61.47879336,78.73130325,,
World,,,,,,,,,,,,,,,,,,,,,,,,,,,,,,,,,,,,,,,,,324.3465703,349.058182,370.086983,389.3261823,411.1869714,434.7210896,471.1894845,500.1623813,536.1740669,579.5487431,594.0255913,625.3192109,649.0345081,680.1384011,712.1034872,738.9053287,761.0244676,786.800574,818.2405813,844.4987496,956.0696579,,
Samoa,,,,,,,,,,,,,,,,,,,,,,,,,,,,,,,,,,,,,,,,,116.9102539,111.8563219,129.5321295,113.8712442,128.8560363,153.3337115,167.6202392,176.291463,196.5366966,222.8816529,204.1416218,199.7520591,208.0877682,219.1973995,247.1755074,253.6434427,240.6589971,254.7602374,241.6357791,297.2181126,240.9297952,,
Kosovo,,,,,,,,,,,,,,,,,,,,,,,,,,,,,,,,,,,,,,,,,,,,,,,,,,,,,,,,,,,,,,,
"Yemen, Rep.",,,,,,,,,,,,,,,,,,,,,,,,,,,,,,,,,,,,,,,,,65.54944193,70.7298584,68.3819644,72.66304347,61.36606528,55.0731215,55.8448301,55.3159389,58.11957751,48.15921923,45.26908095,36.8142747,40.44441516,33.67344035,26.62440803,10.41575152,,,,,,,
South Africa,,,,,,,,,,,,,,,,,,,,,,,,,,,,,,,,,,,,,,,,,219.173157,204.0606496,204.3941986,257.0331264,267.6054902,289.1890676,366.6871985,401.2322615,428.0579224,471.7152355,510.8625847,547.2654196,543.9608067,562.0693258,592.8819467,624.2616103,626.3219007,636.9137317,660.9305141,693.9631216,718.3277456,,
Zambia,,,,,,,,,,,,,,,,,,,,,,,,,,,,,,,,,,,,,,,,,55.11119327,56.18984817,55.10706165,48.01820171,50.5932737,41.03690059,41.52143143,25.28165511,15.88884908,12.75403754,26.38510751,39.3357912,43.57898391,45.92932845,65.5910166,70.08592352,56.95921801,60.75366497,69.70524547,75.09756475,82.00246745,,
Zimbabwe,,,,,,,,,,,,,,,,,,,,,,,,,,,,,,,,,,,,,,,,,,,,,,,,,,,49.85298213,44.1020065,46.95238408,50.89645088,69.97704366,40.56943189,43.11172933,56.81387966,61.47534929,18.83999463,26.09674467,,