country,1995 Populations,1996 Populations,1997 Populations,1998 Populations,1999 Populations,2000 Populations,2001 Populations,2002 Populations,2003 Populations,2004 Populations,2005 Populations,2006 Populations,2007 Populations,2008 Populations,2009 Populations,2010 Populations,country,1995 Health Aid,1996 Health Aid,1997 Health Aid,1998 Health Aid,1999 Health Aid,2000 Health Aid,2001 Health Aid,2002 Health Aid,2003 Health Aid,2004 Health Aid,2005 Health Aid,2006 Health Aid,2007 Health Aid,2008 Health Aid,2009 Health Aid,2010 Health Aid
Afghanistan,16399999.999999998,17100000.0,17800000.0,18500000.0,19300000.0,19500000.0,19700000.0,21000000.0,22600000.0,23600000.0,24400000.0,25400000.0,25900000.0,26400000.0,27400000.0,28200000.0,Afghanistan,0.0,0.0,0.0,0.0,0.0,0.0,0.0,0.833,1.25,1.61,2.52,2.81,3.5,3.75,3.91,4.39
Angola,13900000.0,14400000.0,14900000.0,15400000.0,15900000.0,16399999.999999998,16900000.0,17500000.0,18100000.0,18800000.0,19500000.0,20200000.0,20900000.0,21700000.0,22500000.0,23400000.0,Angola,13.5,8.72,10.5,6.65,6.55,12.5,18.3,14.3,19.4,19.7,27.1,50.9,68.4,126.0,181.0,102.0
Albania,3280000.0,3270000.0,3250000.0,3230000.0,3210000.0,3180000.0,3150000.0,3120000.0,3090000.0,3060000.0,3030000.0,3000000.0,2980000.0,2950000.0,2930000.0,2910000.0,Albania,13.9,17.1,14.2,18.6,28.1,27.2,30.5,32.5,40.6,63.9,71.4,75.5,88.8,109.0,107.0,94.0
Andorra,62900.0,64099.99999999999,64700.0,65200.0,65700.0,66100.0,67800.0,70800.0,73900.0,76900.0,79800.0,80200.0,78200.0,76100.0,73900.0,71500.0,Andorra,897.0,983.0,967.0,1340.0,942.0,862.0,890.0,1020.0,1300.0,1520.0,1630.0,1850.0,2100.0,2370.0,2360.0,2170.0
United Arab Emirates,2430000.0,2570000.0,2750000.0,2920000.0,3100000.0,3280000.0,3450000.0,3630000.0,3810000.0,3990000.0,4280000.0,4900000.0,5870000.0,6990000.0,7990000.0,8480000.0,UAE,583.0,580.0,588.0,565.0,559.0,577.0,638.0,578.0,611.0,588.0,608.0,659.0,718.0,1010.0,1310.0,1080.0
Argentina,34900000.0,35400000.0,35800000.0,36200000.0,36700000.0,37100000.0,37500000.0,37900000.0,38300000.0,38700000.0,39100000.0,39500000.0,39900000.0,40300000.0,40700000.0,41100000.0,Argentina,368.0,357.0,373.0,383.0,400.0,382.0,367.0,121.0,148.0,174.0,217.0,259.0,334.0,437.0,488.0,405.0
Armenia,3320000.0,3300000.0,3270000.0,3240000.0,3210000.0,3170000.0,3130000.0,3110000.0,3080000.0,3070000.0,3050000.0,3030000.0,3000000.0,2980000.0,2960000.0,2950000.0,Armenia,7.97,8.16,7.36,10.0,9.63,7.07,11.0,10.6,13.9,16.3,23.6,33.0,48.3,63.5,56.0,54.2
Antigua and Barbuda,68400.0,69800.0,71200.0,72600.0,73800.0,75100.0,76200.0,77200.0,78100.0,78900.0,79900.0,80900.0,82000.0,83300.0,84500.0,85700.0,Antigua and Barbuda,233.0,227.0,246.0,264.0,278.0,281.0,266.0,267.0,279.0,291.0,305.0,351.0,397.0,409.0,403.0,490.0
Australia,18000000.0,18200000.0,18400000.0,18600000.0,18800000.0,19000000.0,19200000.0,19500000.0,19700000.0,19900000.0,20200000.0,20500000.0,20800000.0,21200000.0,21700000.0,22000000.0,Australia,1030.0,1150.0,1180.0,1050.0,1190.0,1150.0,1080.0,1240.0,1540.0,1920.0,2100.0,2220.0,2670.0,2880.0,2680.0,3250.0
Austria,7950000.0,7960000.0,7970000.0,7980000.0,7990000.0,8010000.0,8039999.999999999,8080000.0,8119999.999999999,8170000.0,8230000.0,8270000.0,8289999.999999999,8320000.0,8340000.0,8359999.999999999,Austria,2110.0,2050.0,1930.0,2020.0,2050.0,1820.0,1820.0,1950.0,2410.0,2790.0,2920.0,3040.0,3520.0,3980.0,3910.0,3840.0
Azerbaijan,7890000.0,7950000.0,8000000.0,8039999.999999999,8100000.0,8189999.999999999,8279999.999999999,8369999.999999999,8460000.0,8560000.0,8660000.0,8760000.0,8880000.0,9000000.0,9120000.0,9240000.0,Azerbaijan,4.33,6.02,6.15,5.04,5.62,5.64,5.9,5.96,7.21,10.5,13.6,20.8,36.7,45.0,65.4,67.3
Burundi,5930000.0,5930000.0,5920000.0,6040000.0,6180000.0,6310000.0,6470000.0,6650000.0,6860000.0,7120000.0,7390000.0,7660000.0,7940000.0,8279999.999999999,8710000.0,9130000.0,Burundi,3.01,2.87,2.41,2.33,2.08,2.01,2.3,2.01,1.65,3.44,4.67,6.17,6.65,6.81,6.72,7.91
Belgium,10100000.0,10100000.0,10200000.0,10200000.0,10200000.0,10300000.0,10300000.0,10400000.0,10400000.0,10500000.0,10500000.0,10600000.0,10700000.0,10700000.0,10800000.0,10900000.0,Belgium,1640.0,1680.0,1440.0,1480.0,1500.0,1380.0,1410.0,1530.0,2250.0,2680.0,2750.0,2690.0,3070.0,3560.0,3570.0,3450.0
Benin,6050000.0,6200000.0,6390000.0,6580000.0,6790000.0,7000000.0,7210000.0,7430000.0,7660000.0,7890000.0,8150000.0,8400000.0,8650000.0,8910000.0,9170000.0,9450000.0,Benin,8.11,8.24,6.87,7.74,8.3,6.94,8.58,7.64,11.0,11.9,13.4,14.3,16.0,17.0,18.0,15.0
Burkina Faso,10400000.0,10600000.0,10900000.0,11200000.0,11500000.0,11900000.0,12200000.0,12600000.0,13000000.0,13400000.0,13900000.0,14300000.0,14800000.0,15200000.0,15700000.0,16100000.000000002,Burkina Faso,4.15,4.55,4.48,4.98,5.47,4.32,4.11,5.56,8.17,12.2,15.8,14.9,18.0,21.6,19.3,20.3
Bangladesh,118000000.0,120000000.0,122000000.0,124000000.0,127000000.0,129000000.0,132000000.0,134000000.0,137000000.0,139000000.0,141000000.0,143000000.0,144000000.0,145000000.0,147000000.0,148000000.0,Bangladesh,23.8,24.4,20.4,21.2,22.3,24.2,27.1,29.4,30.4,33.7,37.4,43.0,47.4,49.1,53.1,58.0
Bulgaria,8480000.0,8400000.0,8320000.0,8230000.0,8160000.0,8100000.0,8029999.999999999,7970000.0,7920000.0,7870000.0,7820000.0,7770000.0,7720000.0,7670000.0,7630000.0,7590000.0,Bulgaria,60.5,38.5,45.8,57.8,63.9,59.5,75.5,94.3,125.0,145.0,167.0,169.0,218.0,278.0,256.0,237.0
Bahrain,613000.0,633000.0,653000.0,672000.0,692000.0,711000.0,730000.0,748000.0,778000.0,833000.0,902000.0,971000.0,1040000.0,1110000.0,1180000.0,1210000.0,Bahrain,336.0,336.0,353.0,330.0,343.0,336.0,354.0,386.0,428.0,444.0,475.0,485.0,513.0,565.0,540.0,634.0
Bahamas,300000.0,305000.0,310000.0,315000.0,320000.0,325000.0,330000.0,334000.0,338000.0,343000.0,348000.0,353000.0,358000.0,363000.0,368000.0,373000.0,Bahamas,335.0,353.0,396.0,458.0,497.0,523.0,524.0,556.0,582.0,633.0,635.0,804.0,805.0,829.0,815.0,791.0
Bosnia and Herzegovina,3750000.0,3910000.0,4050000.0,4120000.0,4150000.0000000005,4179999.9999999995,4190000.0000000005,4200000.0,4179999.9999999995,4139999.9999999995,4090000.0,4059999.9999999995,4010000.0,3940000.0,3880000.0,3810000.0,Bosnia and Herzegovina,30.0,41.5,39.5,40.7,61.9,60.9,67.1,78.8,123.0,139.0,145.0,169.0,223.0,294.0,304.0,307.0
Belarus,10500000.0,10400000.0,10400000.0,10400000.0,10300000.0,10300000.0,10200000.0,10100000.0,10100000.0,10000000.0,9940000.0,9870000.0,9830000.0,9790000.0,9760000.0,9730000.0,Belarus,49.2,66.5,75.0,68.8,56.6,47.9,58.5,66.8,87.5,115.0,154.0,168.0,207.0,243.0,199.0,248.0
Belize,204000.0,210000.0,217000.0,225000.0,233000.0,240000.0,248000.0,256000.0,264000.0,272000.0,280000.0,289000.0,297000.0,306000.0,314000.0,322000.0,Belize,74.1,58.0,63.7,62.3,61.0,69.5,88.0,87.2,95.4,96.5,105.0,113.0,133.0,138.0,154.0,150.0
Bolivia,7840000.0,7990000.0,8140000.000000001,8289999.999999999,8440000.0,8590000.0,8750000.0,8900000.0,9060000.0,9220000.0,9380000.0,9540000.0,9710000.0,9880000.0,10100000.0,10200000.0,Bolivia,25.6,28.8,29.6,33.3,36.7,36.9,36.0,37.5,30.7,32.6,38.6,41.3,44.4,55.6,58.4,60.6
Brazil,164000000.0,166000000.0,169000000.0,171000000.0,173000000.0,176000000.0,178000000.0,180000000.0,183000000.0,185000000.0,187000000.0,189000000.0,191000000.0,193000000.0,195000000.0,196000000.0,Brazil,136.0,142.0,153.0,143.0,103.0,107.0,96.3,90.7,94.8,121.0,156.0,205.0,255.0,306.0,320.0,466.0
Barbados,262000.0,263000.0,263000.0,264000.0,264000.0,265000.0,265000.0,266000.0,267000.0,269000.0,269000.0,270000.0,271000.0,273000.0,274000.0,275000.0,Barbados,306.0,318.0,322.0,347.0,372.0,396.0,429.0,459.0,456.0,472.0,498.0,543.0,560.0,628.0,494.0,652.0
Brunei,299000.0,306000.0,313000.0,320000.0,327000.0,334000.0,341000.0,347000.0,354000.0,360000.0,367000.0,373000.0,379000.0,385000.0,390000.0,396000.0,Brunei,375.0,519.0,515.0,482.0,458.0,477.0,432.0,439.0,488.0,558.0,582.0,598.0,662.0,754.0,710.0,748.0
Bhutan,528000.0,537000.0,547000.0,557000.0,571000.0,587000.0,603000.0,619000.0,635000.0,650000.0,663000.0,673000.0,682000.0,690000.0,698000.0,706000.0,Bhutan,12.9,19.2,24.4,25.0,38.2,40.9,39.3,58.5,37.3,34.9,44.0,56.2,73.8,80.9,78.5,94.2
Botswana,1540000.0,1580000.0,1620000.0,1660000.0,1690000.0,1730000.0,1760000.0,1800000.0,1830000.0,1860000.0,1890000.0,1930000.0,1970000.0,2009999.9999999998,2049999.9999999998,2089999.9999999998,Botswana,65.3,65.6,77.7,71.3,75.5,94.4,126.0,145.0,180.0,346.0,311.0,291.0,386.0,407.0,442.0,446.0
Central African Republic,3280000.0,3360000.0,3460000.0,3560000.0,3660000.0,3760000.0,3840000.0,3930000.0,4030000.0000000005,4120000.0,4210000.0,4290000.0,4380000.0,4470000.0,4560000.0,4660000.0,Central African Republic,4.86,3.48,4.05,3.4,3.9,4.13,3.82,4.39,4.72,4.9,4.42,4.84,5.72,6.16,6.25,6.44
Canada,29300000.0,29600000.0,29900000.0,30100000.0,30400000.0,30700000.0,31000000.0,31300000.0,31600000.0,31900000.0,32200000.000000004,32500000.0,32900000.0,33200000.000000004,33600000.0,34000000.0,Canada,1300.0,1290.0,1310.0,1300.0,1360.0,1470.0,1500.0,1560.0,1880.0,2130.0,2430.0,2730.0,3050.0,3260.0,3190.0,3680.0
Switzerland,7040000.0,7070000.0,7090000.0,7110000.0,7140000.0,7180000.0,7220000.0,7280000.0,7330000.0,7380000.0,7430000.0,7480000.0,7540000.0,7640000.0,7730000.0,7820000.0,Switzerland,2290.0,2320.0,2030.0,2110.0,2110.0,1950.0,2110.0,2390.0,2880.0,3210.0,3310.0,3290.0,3590.0,4160.0,4290.0,4610.0
Chile,14400000.0,14600000.0,14800000.0,15000000.0,15200000.0,15400000.0,15500000.0,15700000.0,15900000.0,16000000.0,16200000.0,16300000.0,16500000.0,16700000.0,16800000.0,17000000.0,Chile,127.0,142.0,156.0,163.0,158.0,169.0,159.0,157.0,134.0,167.0,201.0,249.0,295.0,337.0,382.0,456.0
China,1220000000.0,1230000000.0,1240000000.0,1250000000.0,1260000000.0,1260000000.0,1270000000.0,1280000000.0,1290000000.0,1300000000.0,1300000000.0,1310000000.0,1320000000.0,1330000000.0,1340000000.0,1350000000.0,China,10.7,12.3,13.7,14.8,15.8,16.6,16.8,19.4,22.1,26.6,31.2,38.0,53.7,78.2,100.0,118.0
Cote d'Ivoire,14300000.0,14800000.0,15300000.0,15900000.0,16300000.0,16800000.0,17200000.0,17700000.0,18100000.0,18500000.0,19000000.0,19400000.0,19800000.0,20200000.0,20700000.0,21100000.0,Cote d'Ivoire,8.56,10.6,11.0,10.8,9.9,8.35,5.98,6.93,7.68,9.35,7.74,8.51,13.6,17.1,12.7,12.9
Cameroon,13200000.0,13600000.0,13900000.0,14300000.0,14700000.0,15100000.0,15500000.0,15900000.0,16399999.999999998,16800000.0,17300000.0,17800000.0,18300000.0,18800000.0,19300000.0,19900000.0,Cameroon,5.86,5.97,6.1,5.15,5.45,5.53,6.78,8.56,10.8,10.4,10.6,10.8,11.9,13.1,15.7,18.2
"Congo, Dem. Rep.",43300000.0,44100000.0,44800000.0,45900000.0,47200000.0,48600000.0,50100000.0,51700000.0,53200000.0,54800000.0,56600000.0,58400000.0,60300000.0,62200000.0,64300000.0,66400000.00000001,"Congo, Dem. Rep.",0.19,0.14,0.27,0.23,0.659,0.543,0.31,0.27,1.16,1.42,2.19,2.78,3.7,6.46,7.48,6.7
"Congo, Rep.",2740000.0,2820000.0,2880000.0,2940000.0,3020000.0,3130000.0,3250000.0,3330000.0,3420000.0,3540000.0,3670000.0,3810000.0,3960000.0,4090000.0,4260000.0,4440000.0,"Congo, Rep.",14.5,15.5,14.0,14.0,13.5,12.5,11.6,11.8,13.5,18.4,24.6,31.7,34.7,38.7,31.8,33.8
Colombia,36000000.0,36600000.0,37300000.0,37900000.0,38600000.0,39200000.0,39800000.0,40500000.0,41100000.0,41600000.0,42200000.0,42800000.0,43300000.0,43800000.0,44300000.0,44800000.0,Cook Is,244.0,223.0,171.0,161.0,144.0,158.0,230.0,208.0,296.0,328.0,414.0,359.0,427.0,420.0,408.0,506.0
Comoros,484000.0,494000.0,505000.0,516000.0,526000.0,537000.0,548000.0,559000.0,570000.0,581000.0,593000.0,605000.0,617000.0,629000.0,642000.0,656000.0,Colombia,109.0,149.0,175.0,172.0,157.0,131.0,125.0,123.0,123.0,145.0,178.0,193.0,239.0,266.0,278.0,343.0
Cape Verde,411000.0,421000.0,431000.0,440000.0,450000.0,458000.0,466000.0,473000.0,480000.0,487000.0,493000.0,499000.0,505000.0,510000.0,516000.0,521000.0,Comoros,13.5,12.3,10.5,8.82,7.98,5.47,4.17,6.95,9.46,11.8,13.4,15.4,19.1,23.2,12.6,22.3
Costa Rica,3570000.0,3660000.0,3740000.0,3820000.0,3900000.0,3980000.0,4050000.0,4120000.0,4190000.0000000005,4250000.0,4320000.0,4380000.0,4440000.0,4500000.0,4560000.0,4620000.0,Cape Verde,50.7,47.3,44.5,47.5,46.0,42.0,48.2,51.9,59.8,78.6,75.6,95.1,103.0,114.0,111.0,116.0
Cuba,10900000.0,11000000.0,11000000.0,11000000.0,11100000.0,11100000.0,11100000.0,11200000.0,11200000.0,11200000.0,11200000.0,11300000.0,11300000.0,11300000.0,11300000.0,11300000.0,Costa Rica,168.0,169.0,163.0,180.0,195.0,204.0,220.0,236.0,243.0,246.0,253.0,283.0,353.0,413.0,449.0,553.0
Cyprus,862000.0,880000.0,897000.0,915000.0,932000.0,948000.0,965000.0,982000.0,1000000.0,1020000.0,1040000.0,1060000.0,1070000.0,1090000.0,1110000.0,1130000.0,Cuba,101.0,108.0,114.0,121.0,139.0,151.0,161.0,172.0,181.0,186.0,282.0,332.0,557.0,557.0,623.0,555.0
Czech Republic,10300000.0,10300000.0,10300000.0,10300000.0,10200000.0,10200000.0,10200000.0,10200000.0,10200000.0,10300000.0,10300000.0,10300000.0,10300000.0,10400000.0,10400000.0,10500000.0,Cyprus,253.0,257.0,252.0,320.0,333.0,310.0,329.0,399.0,557.0,588.0,589.0,622.0,713.0,796.0,745.0,708.0
Germany,81100000.0,81300000.0,81400000.0,81500000.0,81600000.0,81600000.0,81500000.0,81400000.0,81300000.0,81300000.0,81200000.0,81200000.0,81200000.0,81200000.0,81300000.0,81300000.0,Czech Republic,340.0,366.0,334.0,360.0,347.0,326.0,363.0,473.0,598.0,687.0,769.0,839.0,972.0,1220.0,1260.0,1240.0
Djibouti,630000.0,645000.0,668000.0,695000.0,719000.0,742000.0,765000.0,789000.0,806000.0,818000.0,831000.0,847000.0,865000.0,883000.0,901000.0,919000.0,Germany,2540.0,2540.0,2180.0,2180.0,2150.0,1900.0,1900.0,2060.0,2520.0,2710.0,2780.0,2860.0,3230.0,3610.0,3630.0,3600.0
Dominica,69200.0,69200.0,69100.0,68900.0,68700.0,68300.0,68200.0,68300.0,68400.0,68600.0,68700.0,68700.0,68800.0,68800.0,68800.0,68800.0,Djibouti,19.2,17.9,20.9,26.1,33.2,29.6,26.9,27.4,33.6,29.3,43.2,43.9,53.9,56.1,65.5,59.8
Denmark,5240000.0,5260000.0,5280000.0,5300000.0,5320000.0,5340000.0,5360000.0,5380000.0,5400000.0,5420000.0,5440000.0,5460000.0,5480000.0,5500000.0,5530000.0,5550000.0,Dominica,131.0,140.0,152.0,153.0,159.0,160.0,160.0,160.0,161.0,161.0,162.0,179.0,193.0,204.0,223.0,292.0
Dominican Republic,7870000.0,8010000.0,8150000.0,8279999.999999999,8410000.0,8540000.0,8670000.0,8800000.0,8920000.0,9040000.0,9160000.0,9280000.0,9400000.0,9520000.0,9650000.0,9780000.0,Denmark,2330.0,2370.0,2160.0,2190.0,2460.0,2190.0,2300.0,2550.0,3170.0,3690.0,3920.0,4240.0,4800.0,5390.0,5490.0,5470.0
Algeria,28500000.0,29000000.0,29500000.0,29900000.0,30300000.0,30800000.0,31200000.0,31600000.0,32100000.0,32500000.0,33000000.0,33400000.0,34000000.0,34600000.0,35200000.0,35900000.0,Dominican Republic,22.6,26.1,35.0,44.1,50.7,60.4,54.1,57.5,43.8,36.1,62.7,78.0,83.1,99.7,115.0,140.0
Ecuador,11600000.0,11800000.0,12000000.0,12200000.0,12400000.0,12600000.0,12800000.0,13100000.0,13300000.0,13500000.0,13800000.0,14000000.0,14300000.0,14500000.0,14700000.0,15000000.0,Algeria,46.8,48.0,49.7,48.7,45.5,45.9,52.5,54.1,62.6,63.2,69.3,81.7,109.0,148.0,143.0,139.0
Egypt,64200000.0,65599999.99999999,67000000.0,68400000.0,69900000.0,71400000.0,72900000.0,74400000.0,76000000.0,77500000.0,79100000.0,80600000.0,82200000.0,83800000.0,85500000.0,87300000.0,Ecuador,40.4,47.4,47.1,32.5,25.6,16.7,27.0,36.3,32.1,37.5,40.5,48.8,55.5,71.6,112.0,122.0
Eritrea,2160000.0,2260000.0,2290000.0,2320000.0,2360000.0,2390000.0,2460000.0,2550000.0,2650000.0,2760000.0,2830000.0,2880000.0,2930000.0,3010000.0,3080000.0,3150000.0,Egypt,17.4,19.0,22.7,26.3,29.4,31.8,30.7,29.6,23.4,23.8,26.8,33.3,34.9,42.7,44.9,46.1
Spain,39800000.0,40000000.0,40200000.0,40400000.0,40500000.0,40700000.0,41000000.0,41500000.0,42200000.0,43000000.0,43700000.0,44400000.0,45200000.0,46000000.0,46400000.0,46600000.0,Eritrea,4.04,2.89,3.84,4.03,3.88,4.33,4.83,3.68,3.63,3.78,3.6,3.83,4.09,5.39,5.09,5.74
Estonia,1450000.0,1430000.0,1420000.0,1410000.0,1400000.0,1400000.0,1390000.0,1380000.0,1370000.0,1360000.0,1350000.0,1350000.0,1340000.0,1340000.0,1330000.0,1330000.0,Spain,814.0,852.0,769.0,799.0,816.0,745.0,771.0,859.0,1210.0,1410.0,1520.0,1670.0,1950.0,2270.0,2230.0,2100.0
Ethiopia,57500000.0,59300000.0,61200000.0,63100000.0,65099999.99999999,67000000.0,69000000.0,71100000.0,73200000.0,75300000.0,77500000.0,79700000.0,82000000.0,84400000.0,86800000.0,89200000.0,Estonia,149.0,194.0,199.0,193.0,196.0,169.0,174.0,201.0,279.0,345.0,398.0,459.0,639.0,836.0,758.0,671.0
Finland,5110000.0,5120000.0,5140000.0,5150000.0,5170000.0,5180000.0,5190000.0,5200000.0,5210000.0,5230000.0,5250000.0,5270000.0,5290000.0,5310000.0,5340000.0,5360000.0,Ethiopia,1.6,1.61,1.8,1.99,2.1,2.85,3.23,2.87,3.43,3.43,4.14,4.61,6.7,7.29,8.33,8.41
Fiji,792000.0,797000.0,805000.0,814000.0,823000.0,833000.0,841000.0,850000.0,858000.0,867000.0,875000.0,883000.0,891000.0,897000.0,901000.0,905000.0,Finland,1440.0,1440.0,1330.0,1340.0,1330.0,1210.0,1280.0,1470.0,1920.0,2230.0,2370.0,2470.0,2780.0,3170.0,3050.0,2990.0
France,57400000.0,57600000.0,57800000.0,58100000.0,58400000.0,58700000.0,59000000.0,59400000.0,59700000.0,60100000.0,60500000.0,60900000.0,61300000.0,61700000.0,62100000.0,62400000.0,Fiji,62.5,71.7,76.3,54.0,60.3,67.1,53.5,64.4,76.5,96.2,107.0,113.0,113.0,116.0,102.0,108.0
"Micronesia, Fed. Sts.",110000.0,111000.0,111000.0,111000.0,112000.0,112000.0,112000.0,112000.0,112000.0,111000.0,111000.0,110000.0,110000.0,109000.0,108000.0,108000.0,France,2180.0,2180.0,1940.0,1970.0,1950.0,1750.0,1770.0,1980.0,2490.0,2860.0,2980.0,3110.0,3510.0,3840.0,3770.0,3650.0
Gabon,1120000.0,1150000.0,1180000.0,1210000.0,1240000.0,1270000.0,1310000.0,1340000.0,1380000.0,1420000.0,1460000.0,1500000.0,1550000.0,1600000.0,1650000.0,1710000.0,"Micronesia, Fed. Sts.",180.0,165.0,140.0,132.0,146.0,160.0,179.0,166.0,204.0,217.0,258.0,254.0,259.0,277.0,305.0,334.0
United Kingdom,57900000.0,58100000.0,58300000.0,58400000.0,58600000.0,58900000.0,59100000.0,59400000.0,59600000.0,60000000.0,60400000.0,60800000.0,61300000.0,61700000.0,62200000.0,62800000.0,Gabon,51.6,60.5,46.8,54.0,41.1,43.0,44.8,44.4,67.2,73.2,69.4,81.5,103.0,115.0,127.0,160.0
Georgia,4880000.0,4760000.0,4640000.0,4520000.0,4390000.0,4270000.0,4139999.9999999995,4059999.9999999995,4019999.9999999995,3990000.0,3960000.0,3930000.0,3910000.0,3880000.0,3860000.0,3840000.0,UK,1140.0,1190.0,1240.0,1330.0,1420.0,1390.0,1440.0,1640.0,1940.0,2390.0,2550.0,2780.0,3160.0,3130.0,2900.0,2940.0
Ghana,17400000.0,17800000.0,18300000.0,18700000.0,19200000.0,19700000.0,20200000.0,20800000.0,21300000.0,21900000.0,22500000.0,23100000.0,23700000.0,24300000.0,25000000.0,25600000.0,Georgia,1.51,5.36,10.6,8.88,6.65,7.61,9.54,10.3,11.0,14.8,23.6,30.9,33.4,51.8,55.9,64.2
Guinea,7470000.0,7680000.0,7840000.0,7990000.0,8170000.0,8340000.0,8450000.0,8580000.0,8770000.0,8960000.0,9140000.0,9330000.0,9550000.0,9780000.0,10000000.0,10300000.0,Ghana,11.5,11.7,11.2,11.8,10.3,6.0,8.65,7.24,9.21,16.0,23.1,27.1,40.9,39.8,30.9,39.9
Gambia,1240000.0,1280000.0,1320000.0,1360000.0,1400000.0,1440000.0,1480000.0,1520000.0,1570000.0,1610000.0,1660000.0,1710000.0,1760000.0,1820000.0,1880000.0,1940000.0,Guinea,5.54,5.24,5.33,4.2,4.35,3.93,4.31,4.56,5.23,3.71,1.83,2.16,1.82,3.6,2.06,2.6
Guinea-Bissau,1120000.0,1140000.0,1160000.0,1180000.0,1210000.0,1230000.0,1260000.0,1290000.0,1320000.0,1350000.0,1380000.0,1410000.0,1450000.0,1490000.0,1530000.0,1570000.0,Gambia,6.18,5.59,5.29,6.97,6.89,6.34,6.81,5.91,7.62,9.97,10.4,10.9,10.4,12.7,14.3,13.3
Equatorial Guinea,561000.0,583000.0,606000.0,630000.0,655000.0,685000.0,719000.0,754000.0,790000.0,826000.0,865000.0,905000.0,949000.0,995000.0,1040000.0,1090000.0,Guinea-Bissau,6.31,6.15,5.37,3.82,2.69,1.74,1.49,3.96,4.7,3.39,3.74,3.65,4.44,5.07,5.08,4.7
Greece,10700000.0,10800000.0,10900000.0,10900000.0,11000000.0,11000000.0,11100000.0,11100000.0,11100000.0,11100000.0,11100000.0,11100000.0,11100000.0,11100000.0,11100000.0,11000000.0,Equatorial Guinea,12.4,13.9,21.1,23.2,18.2,21.5,38.6,114.0,82.7,108.0,135.0,185.0,260.0,418.0,612.0,681.0
Grenada,104000.0,105000.0,106000.0,106000.0,107000.0,107000.0,108000.0,108000.0,109000.0,110000.0,110000.0,111000.0,112000.0,112000.0,113000.0,114000.0,Greece,554.0,589.0,562.0,549.0,595.0,550.0,640.0,708.0,943.0,1070.0,1260.0,1420.0,1620.0,1850.0,1860.0,1620.0
Guatemala,10400000.0,10600000.0,10900000.0,11200000.0,11500000.0,11700000.0,12000000.0,12300000.0,12600000.0,12900000.0,13100000.0,13400000.0,13700000.0,14000000.0,14300000.0,14500000.0,Grenada,82.9,88.3,95.3,106.0,139.0,177.0,231.0,187.0,177.0,158.0,197.0,217.0,212.0,214.0,227.0,198.0
Guyana,752000.0,754000.0,755000.0,757000.0,758000.0,759000.0,760000.0,760000.0,761000.0,760000.0,760000.0,758000.0,757000.0,754000.0,751000.0,748000.0,Guatemala,19.3,19.0,23.7,35.4,39.0,37.7,38.8,38.6,42.3,42.1,46.0,56.5,61.4,68.5,68.8,68.7
"Hong Kong, China",6240000.0,6330000.0,6440000.0,6550000.0,6640000.0,6730000.0,6800000.0,6850000.0,6890000.0,6920000.0,6940000.0,6960000.0,7000000.0,7050000.0,7090000.0,7130000.0,Guyana,32.9,36.2,40.9,39.4,33.9,44.8,43.4,46.1,44.2,58.8,66.6,76.8,69.8,139.0,144.0,136.0
Honduras,5810000.0,5980000.0,6140000.0,6310000.0,6480000.0,6660000.0,6840000.0,7020000.0,7200000.0,7380000.0,7560000.0,7750000.0,7920000.0,8100000.0,8279999.999999999,8450000.0,Honduras,20.4,17.6,19.2,25.8,25.9,41.5,43.6,47.4,59.0,55.4,53.6,54.3,62.8,70.8,89.2,0.0
Croatia,4810000.0,4760000.0,4710000.0,4660000.0,4610000.0,4550000.0,4510000.0,4480000.0,4460000.0,4440000.0,4430000.0,4420000.0,4410000.0,4390000.0,4380000.0,4370000.0,Haiti,9.24,9.09,9.68,9.15,8.17,7.12,5.88,4.29,3.02,4.16,4.17,6.98,8.24,8.92,8.73,9.95
Haiti,7630000.0,7770000.0,7920000.0,8060000.000000001,8210000.000000001,8359999.999999999,8510000.0,8660000.0,8810000.0,8960000.0,9110000.0,9270000.0,9420000.0,9580000.0,9730000.0,9840000.0,Hungary,271.0,257.0,251.0,251.0,250.0,231.0,259.0,348.0,502.0,588.0,657.0,659.0,720.0,794.0,667.0,654.0
Hungary,10300000.0,10300000.0,10300000.0,10300000.0,10200000.0,10200000.0,10200000.0,10100000.0,10100000.0,10100000.0,10100000.0,10100000.0,10000000.0,10000000.0,10000000.0,9990000.0,Indonesia,7.08,8.17,7.12,3.26,5.25,5.47,7.15,7.61,10.7,10.7,11.5,16.4,23.1,24.8,26.0,37.7
Indonesia,198000000.0,201000000.0,205000000.0,208000000.0,211000000.0,214000000.0,217000000.0,220000000.0,223000000.0,226000000.0,229000000.0,232000000.0,235000000.0,238000000.0,241000000.0,244000000.0,India,4.1,4.08,4.61,4.71,5.1,5.08,4.99,4.88,5.39,6.01,7.32,8.21,10.4,11.9,13.4,15.8
India,964000000.0,983000000.0,1000000000.0,1020000000.0,1040000000.0,1060000000.0,1080000000.0,1100000000.0,1120000000.0,1140000000.0,1150000000.0,1170000000.0,1190000000.0,1210000000.0,1220000000.0,1240000000.0,Ireland,897.0,950.0,1050.0,1090.0,1170.0,1170.0,1390.0,1680.0,2220.0,2670.0,2840.0,3010.0,3500.0,4020.0,3530.0,2930.0
Ireland,3580000.0,3610000.0,3640000.0,3680000.0,3720000.0,3770000.0,3830000.0,3890000.0,3960000.0,4030000.0000000005,4120000.0,4230000.0,4360000.0,4450000.0,4500000.0,4520000.0,Iran,30.5,40.8,53.4,65.1,75.3,96.2,128.0,44.8,44.3,50.8,69.0,80.8,98.1,128.0,118.0,127.0
Iran,60800000.0,61600000.0,62500000.0,63500000.0,64500000.0,65500000.0,66700000.0,67300000.0,68000000.0,69100000.0,70200000.0,71300000.0,72300000.0,73300000.0,74300000.0,75400000.0,Iraq,0.0,0.03,0.04,0.3,0.48,0.39,0.43,0.27,8.32,45.0,41.7,42.1,75.0,120.0,157.0,200.0
Iraq,20900000.0,21600000.0,22300000.0,23100000.0,23800000.0,24600000.0,25400000.0,26300000.0,27100000.0,27900000.0,28700000.0,28900000.0,28700000.0,29200000.0,30300000.0,31300000.0,Iceland,1870.0,1900.0,2250.0,2250.0,2680.0,2470.0,2180.0,2660.0,3300.0,3720.0,4350.0,4240.0,5120.0,4120.0,3040.0,3000.0
Iceland,268000.0,269000.0,271000.0,274000.0,278000.0,281000.0,285000.0,288000.0,290000.0,292000.0,297000.0,304000.0,312000.0,318000.0,319000.0,318000.0,Israel,887.0,981.0,1000.0,917.0,873.0,932.0,950.0,865.0,860.0,881.0,898.0,930.0,1030.0,1250.0,1210.0,1320.0
Israel,5480000.0,5610000.0,5740000.0,5870000.0,5990000.0,6120000.0,6240000.0,6360000.0,6480000.0,6600000.0,6710000.0,6830000.0,6950000.0,7070000.0,7200000.0,7330000.0,Italy,1020.0,1150.0,1140.0,1160.0,1160.0,1130.0,1200.0,1330.0,1630.0,1950.0,2070.0,2180.0,2370.0,2690.0,2590.0,2520.0
Italy,56900000.0,56900000.0,56900000.0,56900000.0,56900000.0,57000000.0,57000000.0,57100000.0,57400000.0,57900000.0,58200000.0,58400000.0,58800000.0,59200000.0,59600000.0,59800000.0,Jamaica,50.8,73.9,99.9,103.0,81.3,99.7,77.3,103.0,82.1,104.0,83.2,102.0,120.0,146.0,126.0,132.0
Jamaica,2510000.0,2530000.0,2550000.0,2580000.0,2600000.0,2610000.0,2630000.0,2640000.0,2650000.0,2660000.0,2680000.0,2690000.0,2700000.0,2710000.0,2720000.0,2730000.0,Jordan,79.0,79.0,85.0,89.6,85.6,81.3,87.5,92.9,91.8,107.0,108.0,120.0,151.0,204.0,262.0,242.0
Jordan,4460000.0,4610000.0,4730000.0,4840000.0,4950000.0,5060000.0,5160000.0,5280000.0,5400000.0,5530000.0,5680000.0,6080000.0,6470000.0,6630000.0,6780000.0,6930000.0,Japan,2380.0,2140.0,1920.0,1790.0,2100.0,2290.0,2080.0,1990.0,2170.0,2350.0,2390.0,2220.0,2260.0,2630.0,3090.0,3360.0
Japan,125000000.0,126000000.0,126000000.0,126000000.0,127000000.0,127000000.0,127000000.0,127000000.0,128000000.0,128000000.0,128000000.0,128000000.0,128000000.0,128000000.0,128000000.0,128000000.0,Kazakhstan,30.9,36.9,43.0,44.9,25.7,25.9,29.2,32.0,41.5,65.8,94.9,122.0,121.0,193.0,193.0,234.0
Kazakhstan,16399999.999999998,16100000.000000002,15800000.0,15500000.0,15300000.0,15200000.0,15300000.0,15300000.0,15400000.0,15500000.0,15700000.0,15800000.0,16000000.0,16200000.0,16399999.999999998,16600000.000000002,Kenya,6.52,7.11,7.25,9.47,7.08,8.81,8.37,7.76,8.51,8.33,9.69,11.5,13.6,13.1,15.4,16.3
Kenya,26900000.0,27600000.0,28400000.0,29100000.0,30000000.0,30900000.0,31800000.0,32799999.999999996,33800000.0,34800000.0,35800000.0,36900000.0,38000000.0,39200000.0,40400000.0,41500000.0,Kyrgyz Republic,12.9,12.3,10.7,12.0,7.41,5.73,6.03,6.9,7.89,10.0,11.6,16.5,23.9,27.3,30.3,30.1
Kyrgyz Republic,4600000.0,4670000.0,4740000.0,4810000.0,4880000.0,4940000.0,4980000.0,5030000.0,5080000.0,5140000.0,5190000.0,5250000.0,5290000.0,5350000.0,5410000.0,5480000.0,Cambodia,3.21,7.43,5.57,3.29,3.23,3.81,5.27,6.58,8.42,9.26,7.22,7.99,10.3,12.7,15.0,16.8
Cambodia,10900000.0,11200000.0,11400000.0,11700000.0,11900000.0,12100000.0,12300000.0,12600000.0,12800000.0,13000000.0,13200000.0,13500000.0,13700000.0,13900000.0,14200000.0,14400000.0,Kiribati,66.9,76.1,77.9,55.1,72.2,60.9,62.6,71.0,96.1,112.0,109.0,105.0,148.0,144.0,134.0,131.0
Kiribati,81500.0,82800.0,84300.0,85800.0,87300.0,88800.0,90500.0,92400.0,94300.0,96200.0,98200.0,100000.0,102000.0,104000.0,106000.0,108000.0,St. Kitts and Nevis,172.0,178.0,184.0,194.0,204.0,234.0,223.0,212.0,202.0,193.0,212.0,298.0,292.0,270.0,258.0,405.0
St. Kitts and Nevis,42500.0,43100.0,43700.0,44200.0,44800.0,45500.0,46000.0,46300.0,46400.0,46600.0,46700.0,46900.0,47000.0,47200.0,47300.0,47400.0,South Korea,170.0,206.0,202.0,153.0,212.0,0.0,296.0,319.0,365.0,415.0,526.0,659.0,762.0,692.0,689.0,848.0
South Korea,45400000.0,45700000.0,46000000.0,46300000.0,46500000.0,46800000.0,47100000.0,47300000.0,47500000.0,47700000.0,47900000.0,48000000.0,48200000.0,48400000.0,48600000.0,48800000.0,Kuwait,515.0,533.0,534.0,515.0,473.0,370.0,510.0,524.0,583.0,596.0,678.0,789.0,787.0,874.0,1350.0,983.0
Kuwait,1660000.0,1700000.0,1760000.0,1820000.0,1880000.0,1930000.0,1990000.0,2049999.9999999998,2100000.0,2150000.0,2240000.0,2360000.0,2510000.0,2650000.0,2800000.0,2940000.0,Lao,9.11,10.2,12.7,6.96,3.21,3.8,3.61,3.46,4.59,3.36,2.58,3.11,3.31,9.55,11.1,15.4
Lao,4930000.0,5040000.0,5150000.0,5250000.0,5340000.0,5430000.0,5520000.0,5610000.0,5690000.0,5770000.0,5850000.0,5950000.0,6040000.0,6140000.0,6230000.0,6320000.0,Lebanon,102.0,123.0,152.0,149.0,143.0,148.0,162.0,186.0,170.0,195.0,198.0,190.0,212.0,241.0,259.0,255.0
Lebanon,3960000.0,4030000.0000000005,4110000.0000000005,4179999.9999999995,4250000.0,4320000.0,4390000.0,4450000.0,4500000.0,4570000.0,4640000.0,4720000.0,4810000.0,4890000.0,4950000.0,5000000.0,Liberia,0.0,0.0,0.0,2.03,2.49,2.63,2.86,1.92,1.56,1.96,2.67,3.37,5.88,9.07,9.66,9.49
Liberia,2140000.0,2200000.0,2380000.0,2640000.0,2790000.0,2900000.0,2980000.0,3060000.0,3090000.0,3120000.0,3270000.0,3460000.0,3630000.0,3780000.0,3910000.0,4019999.9999999995,Libya,92.8,91.5,90.3,111.0,108.0,124.0,143.0,118.0,121.0,129.0,138.0,147.0,224.0,330.0,283.0,333.0
Libya,4730000.0,4820000.0,4900000.0,4980000.0,5060000.0,5150000.0,5280000.0,5410000.0,5540000.0,5690000.0,5840000.0,5970000.0,6100000.0,6230000.0,6360000.0,6490000.0,St. Lucia,116.0,135.0,121.0,133.0,138.0,143.0,151.0,151.0,146.0,160.0,164.0,198.0,195.0,239.0,294.0,282.0
St. Lucia,152000.0,154000.0,155000.0,157000.0,158000.0,160000.0,161000.0,162000.0,163000.0,164000.0,165000.0,166000.0,168000.0,169000.0,170000.0,171000.0,Sri Lanka,11.5,12.1,12.3,15.8,14.4,15.8,14.3,14.8,16.0,20.6,23.4,27.9,29.4,31.7,30.1,31.3
Liechtenstein,30900.0,31300.0,31800.0,32200.000000000004,32600.0,33000.0,33400.0,33700.0,34000.0,34300.0,34600.0,34900.0,35100.0,35400.0,35700.0,35900.0,Lesotho,17.1,16.9,14.4,14.1,13.4,13.6,15.5,12.5,19.3,23.8,21.9,28.6,42.5,46.5,55.7,83.0
Sri Lanka,18200000.0,18300000.0,18400000.0,18600000.0,18700000.0,18800000.0,18900000.0,19100000.0,19300000.0,19500000.0,19700000.0,19900000.0,20100000.0,20300000.0,20500000.0,20700000.0,Lithuania,73.9,92.0,118.0,146.0,145.0,148.0,160.0,197.0,267.0,253.0,302.0,384.0,529.0,677.0,614.0,574.0
Lesotho,1930000.0,1960000.0,1970000.0,1990000.0,1990000.0,2000000.0,2000000.0,2000000.0,1990000.0,1990000.0,1980000.0,1980000.0,1980000.0,2000000.0,2009999.9999999998,2020000.0,Luxembourg,2600.0,2610.0,2290.0,2390.0,2580.0,2960.0,2850.0,3580.0,4170.0,5180.0,5470.0,5940.0,6410.0,6770.0,6940.0,6910.0
Lithuania,3750000.0,3720000.0,3690000.0,3670000.0,3630000.0,3600000.0,3560000.0,3520000.0,3470000.0,3420000.0,3370000.0,3320000.0,3270000.0,3220000.0,3180000.0,3140000.0,Latvia,76.4,81.3,89.3,104.0,115.0,107.0,110.0,129.0,156.0,219.0,252.0,379.0,536.0,609.0,466.0,439.0
Luxembourg,408000.0,413000.0,418000.0,424000.0,429000.0,436000.0,441000.0,446000.0,451000.0,458000.0,465000.0,472000.0,480000.0,489000.0,498000.0,507000.0,Morocco,15.4,16.4,13.8,16.1,16.1,15.8,18.5,18.9,23.4,27.1,28.1,36.6,45.6,54.3,58.7,56.2
Latvia,2570000.0,2530000.0,2500000.0,2460000.0,2430000.0,2390000.0,2360000.0,2330000.0,2290000.0,2260000.0,2230000.0,2200000.0,2180000.0,2150000.0,2130000.0,2100000.0,Monaco,2580.0,2480.0,2350.0,2330.0,2460.0,2120.0,2170.0,2400.0,3440.0,4050.0,4230.0,4350.0,4910.0,5870.0,5860.0,5570.0
Morocco,26600000.0,27000000.0,27400000.0,27800000.0,28200000.0,28600000.0,28900000.0,29300000.0,29700000.0,30000000.0,30400000.0,30800000.0,31200000.0,31600000.0,32000000.0,32500000.0,Moldova,19.3,26.4,27.4,17.4,8.16,11.4,13.1,18.5,21.8,30.1,34.7,44.9,60.5,91.4,92.4,87.2
Monaco,31500.0,31700.0,32000.0,32200.000000000004,32400.0,32500.0,32400.0,32400.0,32299.999999999996,32200.000000000004,32100.0,32000.0,31800.0,31900.0,32400.0,33200.0,Madagascar,3.61,5.5,5.25,4.98,4.88,6.23,7.58,6.95,7.34,5.99,6.92,7.92,10.6,14.9,11.5,9.59
Moldova,4460000.0,4430000.0,4390000.0,4350000.0,4300000.0,4250000.0,4200000.0,4150000.0000000005,4090000.0,4050000.0,4000000.0,3940000.0,3880000.0,3810000.0,3750000.0,3680000.0,Maldives,58.8,63.9,69.5,72.1,81.9,94.8,88.5,87.7,110.0,133.0,174.0,207.0,222.0,316.0,216.0,231.0
Madagascar,13900000.0,14300000.0,14800000.0,15300000.0,15700000.0,16200000.0,16700000.0,17200000.0,17700000.0,18300000.0,18800000.0,19400000.0,19900000.0,20500000.0,21100000.0,21700000.0,Mexico,74.2,75.8,99.9,108.0,132.0,153.0,167.0,174.0,175.0,199.0,215.0,233.0,256.0,281.0,253.0,0.0
Maldives,258000.0,264000.0,269000.0,274000.0,278000.0,283000.0,287000.0,292000.0,297000.0,302000.0,307000.0,314000.0,325000.0,337000.0,349000.0,362000.0,Marshall Islands,310.0,353.0,352.0,328.0,320.0,410.0,355.0,356.0,320.0,351.0,350.0,384.0,409.0,391.0,454.0,433.0
Mexico,90000000.0,91600000.0,93200000.0,94800000.0,96300000.0,97900000.0,99400000.0,101000000.0,102000000.0,104000000.0,105000000.0,107000000.0,108000000.0,110000000.0,111000000.0,113000000.0,North Macedonia,118.0,119.0,107.0,120.0,98.1,90.1,85.2,103.0,128.0,141.0,147.0,164.0,176.0,223.0,207.0,202.0
Marshall Islands,50700.0,51500.0,52400.0,53200.0,53800.0,54200.0,54400.0,54500.0,54500.0,54400.0,54300.0,54200.0,54000.0,53800.0,53600.0,53400.0,Mali,7.53,8.54,6.58,5.85,4.87,4.87,7.45,6.75,9.4,12.1,11.7,12.8,14.2,15.6,15.6,14.8
North Macedonia,1980000.0,1990000.0,2000000.0,2009999.9999999998,2020000.0,2040000.0,2049999.9999999998,2060000.0,2069999.9999999998,2080000.0,2080000.0,2080000.0,2080000.0,2089999.9999999998,2089999.9999999998,2089999.9999999998,Malta,399.0,437.0,442.0,466.0,459.0,466.0,468.0,584.0,752.0,855.0,957.0,1000.0,1060.0,1040.0,1080.0,1110.0
Mali,9920000.0,10100000.0,10400000.0,10600000.0,10900000.0,11200000.0,11600000.0,12000000.0,12300000.0,12800000.0,13200000.0,13600000.0,14100000.0,14600000.0,15000000.0,15500000.0,Myanmar,0.49,0.4,0.28,0.2,0.27,0.45,0.31,0.46,0.49,0.667,0.46,0.836,0.882,1.18,1.62,2.09
Malta,382000.0,385000.0,389000.0,392000.0,396000.0,399000.0,402000.0,405000.0,407000.0,409000.0,410000.0,411000.0,412000.0,413000.0,416000.0,419000.0,Montenegro,98.5,72.1,72.0,73.7,71.6,80.7,110.0,120.0,181.0,207.0,217.0,242.0,317.0,404.0,443.0,389.0
Myanmar,42900000.0,43400000.0,44000000.0,44500000.0,45000000.0,45500000.0,46000000.0,46500000.0,46900000.0,47300000.0,47700000.0,48100000.0,48400000.0,48700000.0,49000000.0,49400000.0,Mongolia,15.4,17.6,15.4,15.1,14.7,17.7,19.9,21.5,21.8,26.0,26.3,33.8,48.5,68.1,53.0,66.2
Montenegro,632000.0,633000.0,634000.0,634000.0,634000.0,633000.0,633000.0,633000.0,632000.0,633000.0,633000.0,633000.0,632000.0,631000.0,631000.0,631000.0,Mozambique,4.88,5.13,6.68,7.42,9.12,10.2,8.65,9.82,9.72,9.91,13.6,13.2,13.0,12.9,16.8,15.3
Mongolia,2330000.0,2360000.0,2380000.0,2410000.0,2430000.0,2450000.0,2470000.0,2490000.0,2520000.0,2540000.0,2560000.0,2580000.0,2610000.0,2630000.0,2670000.0,2700000.0,Mauritania,17.4,11.4,11.7,14.2,18.7,16.1,11.7,16.2,15.2,18.6,18.6,19.1,22.4,24.4,20.0,22.7
Mozambique,15600000.0,16100000.000000002,16500000.0,16900000.0,17300000.0,17800000.0,18200000.0,18700000.0,19200000.0,19700000.0,20200000.0,20700000.0,21300000.0,21800000.0,22400000.0,23100000.0,Mauritius,70.3,73.2,68.9,69.5,68.2,75.5,75.3,85.1,99.5,120.0,111.0,110.0,114.0,134.0,142.0,187.0
Mauritania,2380000.0,2430000.0,2480000.0,2550000.0,2620000.0,2700000.0,2760000.0,2820000.0,2880000.0,2950000.0,3010000.0,3080000.0,3150000.0,3230000.0,3320000.0,3420000.0,Malawi,2.64,2.86,4.13,3.1,3.7,4.31,3.3,6.56,9.14,12.0,13.0,14.6,12.7,13.3,16.5,15.4
Mauritius,1160000.0,1170000.0,1180000.0,1190000.0,1210000.0,1220000.0,1230000.0,1230000.0,1240000.0,1250000.0,1260000.0,1260000.0,1270000.0,1280000.0,1280000.0,1280000.0,Malaysia,74.7,84.2,72.9,56.8,62.9,73.5,84.3,89.3,114.0,108.0,97.9,129.0,143.0,169.0,176.0,204.0
Malawi,10100000.0,10300000.0,10500000.0,10700000.0,11000000.0,11200000.0,11500000.0,11800000.0,12100000.0,12400000.0,12800000.0,13100000.0,13500000.0,13900000.0,14300000.0,14700000.0,Namibia,93.7,97.6,102.0,93.4,93.5,86.9,63.6,60.9,91.4,104.0,125.0,118.0,154.0,150.0,163.0,211.0
Malaysia,20100000.0,20700000.0,21200000.0,21800000.0,22400000.0,22900000.0,23500000.0,24100000.0,24700000.0,25300000.0,25900000.0,26500000.0,27100000.0,27700000.0,28200000.0,28700000.0,Niger,2.81,2.54,2.96,3.29,3.08,2.32,2.99,3.37,3.66,4.26,7.72,8.6,8.18,10.1,9.55,9.3
Namibia,1610000.0,1650000.0,1690000.0,1740000.0,1780000.0,1820000.0,1860000.0,1890000.0,1920000.0,1940000.0,1960000.0,1990000.0,2009999.9999999998,2040000.0,2069999.9999999998,2100000.0,Nigeria,9.31,10.6,12.5,15.9,4.7,5.72,5.7,4.55,8.6,14.7,15.5,20.1,26.8,32.6,23.4,23.8
Niger,9810000.0,10100000.0,10500000.0,10900000.0,11200000.0,11600000.0,12000000.0,12500000.0,12900000.0,13400000.0,13900000.0,14400000.0,14900000.0,15500000.0,16000000.0,16600000.000000002,Nicaragua,37.2,34.5,23.4,26.2,23.7,29.0,29.5,30.0,34.8,36.7,40.2,42.9,50.8,57.7,57.0,0.0
Nigeria,108000000.0,111000000.0,114000000.0,117000000.0,120000000.0,123000000.0,126000000.0,130000000.0,133000000.0,137000000.0,140000000.0,144000000.0,148000000.0,152000000.0,157000000.0,161000000.0,Niue,345.0,462.0,408.0,316.0,379.0,313.0,1440.0,455.0,700.0,1020.0,1040.0,1260.0,1570.0,1720.0,1810.0,2300.0
Nicaragua,4720000.0,4810000.0,4900000.0,4970000.0,5050000.0,5120000.0,5190000.0,5260000.0,5320000.0,5390000.0,5450000.0,5530000.0,5610000.0,5690000.0,5770000.0,5860000.0,Netherlands,1600.0,1460.0,1340.0,1330.0,1320.0,1210.0,1300.0,1500.0,1980.0,2240.0,2330.0,3050.0,3480.0,3940.0,4550.0,4430.0
Netherlands,15400000.0,15500000.0,15600000.0,15700000.0,15800000.0,15900000.0,16000000.0,16100000.000000002,16100000.000000002,16200000.0,16300000.0,16300000.0,16399999.999999998,16500000.0,16500000.0,16600000.000000002,Norway,2510.0,2570.0,2450.0,2590.0,2750.0,2600.0,2790.0,3460.0,4130.0,4540.0,4960.0,5230.0,6150.0,6800.0,6340.0,6790.0
Norway,4360000.0,4380000.0,4410000.0,4430000.0,4460000.0,4490000.0,4510000.0,4540000.0,4570000.0,4590000.0,4620000.0,4660000.0,4710000.0,4770000.0,4830000.0,4890000.0,Nepal,1.6,1.67,2.23,2.38,2.1,2.48,3.55,3.58,3.54,4.75,5.73,7.03,6.96,8.9,9.6,9.9
Nepal,22300000.0,22800000.0,23200000.0,23700000.0,24100000.0,24600000.0,25000000.0,25300000.0,25700000.0,26000000.0,26300000.0,26500000.0,26700000.0,26900000.0,27000000.0,27200000.0,Nauru,431.0,390.0,354.0,300.0,302.0,271.0,252.0,276.0,322.0,291.0,302.0,315.0,412.0,431.0,408.0,489.0
Nauru,10300.0,10300.0,10400.0,10400.0,10400.0,10400.0,10400.0,10400.0,10300.0,10300.0,10300.0,10300.0,10300.0,10200.0,10200.0,10200.0,New Zealand,917.0,980.0,1000.0,866.0,894.0,820.0,804.0,969.0,1260.0,1570.0,1820.0,1840.0,2220.0,2340.0,2240.0,2730.0
New Zealand,3670000.0,3730000.0,3780000.0,3810000.0,3830000.0,3860000.0,3890000.0,3950000.0,4019999.9999999995,4080000.0,4130000.0,4179999.9999999995,4220000.0,4260000.0,4300000.0,4350000.0,Oman,187.0,199.0,192.0,186.0,199.0,216.0,216.0,232.0,243.0,254.0,272.0,278.0,323.0,366.0,410.0,460.0
Oman,2170000.0,2210000.0,2250000.0,2280000.0,2310000.0,2340000.0,2370000.0,2400000.0,2430000.0,2470000.0,2520000.0,2560000.0,2610000.0,2650000.0,2700000.0,2880000.0,Pakistan,3.88,4.08,3.68,3.12,2.97,3.16,2.67,4.17,3.65,4.32,4.81,6.38,6.92,7.39,6.99,8.38
Pakistan,133000000.0,137000000.0,141000000.0,145000000.0,150000000.0,154000000.0,159000000.0,163000000.0,167000000.0,171000000.0,174000000.0,178000000.0,182000000.0,186000000.0,190000000.0,194000000.0,Panama,155.0,158.0,176.0,182.0,180.0,208.0,203.0,222.0,209.0,254.0,249.0,246.0,255.0,341.0,422.0,463.0
Panama,2720000.0,2770000.0,2830000.0,2890000.0,2940000.0,3000000.0,3060000.0,3120000.0,3180000.0,3240000.0,3310000.0,3370000.0,3430000.0,3500000.0,3560000.0,3620000.0,Peru,54.9,56.8,54.3,57.0,55.7,56.8,55.8,59.2,60.4,65.7,76.3,84.3,113.0,160.0,136.0,145.0
Peru,24400000.0,24900000.0,25400000.0,25800000.0,26300000.0,26700000.0,27000000.0,27300000.0,27600000.0,27900000.0,28100000.0,28400000.0,28600000.0,28800000.0,29000000.0,29200000.0,Philippines,14.6,17.0,17.7,13.4,15.7,16.0,12.8,11.3,13.3,14.0,16.5,17.1,19.9,20.9,23.2,27.3
Philippines,69300000.0,70900000.0,72700000.0,74500000.0,76200000.0,78000000.0,79600000.0,81300000.0,82900000.0,84600000.0,86300000.0,87900000.0,89600000.0,91300000.0,92900000.0,94600000.0,Palau,527.0,616.0,607.0,494.0,505.0,532.0,536.0,514.0,538.0,633.0,610.0,662.0,691.0,651.0,666.0,657.0
Palau,17200.0,17700.0,18300.0,18900.0,19400.0,19700.0,19800.0,19900.0,19900.0,19900.0,19800.0,19600.0,19400.0,19100.0,18800.0,18500.0,Papua New Guinea,31.0,33.4,27.2,23.4,22.1,21.2,20.9,19.2,19.9,24.9,24.6,23.7,23.1,30.1,30.9,35.4
Papua New Guinea,4620000.0,4790000.0,4960000.0,5140000.0,5320000.0,5510000.0,5700000.0,5890000.0,6090000.0,6290000.0,6500000.0,6710000.0,6920000.0,7140000.0,7360000.0,7580000.0,Poland,145.0,177.0,166.0,174.0,179.0,173.0,210.0,234.0,248.0,282.0,343.0,388.0,508.0,703.0,600.0,666.0
Poland,38400000.0,38400000.0,38400000.0,38400000.0,38400000.0,38500000.0,38700000.0,38600000.0,38600000.0,38600000.0,38600000.0,38500000.0,38500000.0,38500000.0,38600000.0,38600000.0,Portugal,547.0,613.0,586.0,626.0,666.0,704.0,716.0,805.0,1030.0,1190.0,1260.0,1270.0,1440.0,1550.0,1600.0,1610.0
North Korea,22400000.0,22600000.0,22800000.0,23000000.0,23200000.0,23400000.0,23500000.0,23600000.0,23800000.0,23900000.0,24100000.0,24200000.0,24400000.0,24500000.0,24600000.0,24700000.0,Paraguay,40.3,50.6,48.3,49.7,48.6,49.5,37.3,26.0,23.2,27.8,31.2,41.6,49.2,66.3,57.4,59.3
Portugal,10100000.0,10100000.0,10100000.0,10200000.0,10200000.0,10300000.0,10400000.0,10400000.0,10500000.0,10500000.0,10500000.0,10500000.0,10600000.0,10600000.0,10600000.0,10600000.0,Qatar,377.0,429.0,467.0,424.0,424.0,473.0,554.0,632.0,1260.0,1350.0,1380.0,1350.0,1320.0,1300.0,1260.0,1150.0
Paraguay,4600000.0,4710000.0,4820000.0,4920000.0,5030000.0,5120000.0,5210000.0,5290000.0,5350000.0,5420000.0,5480000.0,5530000.0,5590000.0,5650000.0,5700000.0,5770000.0,Romania,39.9,38.8,52.6,52.9,53.9,58.6,64.2,79.6,124.0,143.0,204.0,231.0,342.0,424.0,341.0,334.0
Palestine,2620000.0,2730000.0,2850000.0,2950000.0,3040000.0,3140000.0,3230000.0,3310000.0,3380000.0,3460000.0,3540000.0,3630000.0,3720000.0,3810000.0,3900000.0,3990000.0,Russia,83.5,105.0,137.0,79.0,47.7,57.5,69.8,83.7,98.0,127.0,172.0,231.0,313.0,361.0,302.0,326.0
Qatar,515000.0,529000.0,551000.0,581000.0,613000.0,646000.0,679000.0,713000.0,749000.0,778000.0,849000.0,1020000.0,1230000.0,1440000.0,1610000.0,1710000.0,Rwanda,3.77,4.43,5.39,7.29,5.05,3.54,4.22,4.21,6.97,7.73,10.3,16.5,17.2,20.9,25.1,27.8
Romania,22500000.0,22400000.0,22300000.0,22200000.0,22000000.0,21900000.0,21800000.0,21700000.0,21500000.0,21300000.0,21100000.0,20900000.0,20700000.0,20600000.0,20500000.0,20300000.0,Saudi Arabia,119.0,136.0,152.0,147.0,231.0,287.0,288.0,272.0,278.0,286.0,339.0,401.0,409.0,375.0,380.0,427.0
Russia,149000000.0,148000000.0,148000000.0,148000000.0,147000000.0,147000000.0,146000000.0,146000000.0,145000000.0,144000000.0,144000000.0,143000000.0,143000000.0,143000000.0,143000000.0,143000000.0,Sudan,2.08,2.77,3.09,3.22,2.4,3.32,3.72,4.22,5.54,7.59,9.77,14.9,23.1,32.0,25.9,25.0
Rwanda,5690000.0,6720000.0,7670000.0,7910000.0,8010000.0,8109999.999999999,8220000.000000001,8369999.999999999,8570000.0,8790000.0,9030000.0,9270000.0,9520000.0,9780000.0,10000000.0,10300000.0,Senegal,7.46,8.75,7.56,8.06,8.96,7.85,8.4,10.4,13.9,16.2,23.9,28.0,31.7,35.5,32.5,32.5
Saudi Arabia,18900000.0,19400000.0,19900000.0,20500000.0,21000000.0,21500000.0,22100000.0,22600000.0,23200000.0,23700000.0,24400000.0,25400000.0,26400000.0,27400000.0,28500000.0,29400000.0,Singapore,368.0,375.0,367.0,379.0,332.0,298.0,273.0,241.0,320.0,283.0,302.0,323.0,367.0,458.0,553.0,629.0
Sudan,23300000.0,23900000.0,24500000.0,25000000.0,25600000.0,26300000.0,26900000.0,27600000.0,28200000.0,28800000.0,29500000.0,30300000.0,31200000.0,32100000.0,32900000.0,33700000.0,Solomon Islands,43.9,43.0,46.0,39.9,43.0,45.8,58.7,46.0,42.2,42.6,68.0,59.0,63.9,65.8,95.5,99.6
Senegal,8630000.0,8840000.0,9050000.0,9260000.0,9480000.0,9700000.0,9940000.0,10200000.0,10400000.0,10700000.0,11000000.0,11300000.0,11600000.0,11900000.0,12200000.0,12500000.0,Sierra Leone,3.02,3.18,3.3,2.11,3.05,3.18,4.0,4.48,4.73,3.2,4.38,4.01,2.82,4.58,4.75,4.82
Singapore,3540000.0,3650000.0,3760000.0,3870000.0,3970000.0,4050000.0,4120000.0,4179999.9999999995,4230000.0,4270000.0,4340000.0,4490000.0,4660000.0,4840000.0,5010000.0,5160000.0,El Salvador,40.7,55.3,59.9,71.6,72.9,79.8,82.3,85.5,86.5,93.4,106.0,126.0,122.0,128.0,137.0,146.0
Solomon Islands,375000.0,386000.0,397000.0,408000.0,419000.0,430000.0,440000.0,451000.0,461000.0,472000.0,482000.0,493000.0,505000.0,516000.0,528000.0,540000.0,San Marino,1830.0,2010.0,1850.0,1940.0,2060.0,1860.0,1880.0,2580.0,2430.0,2910.0,2910.0,2940.0,3310.0,3600.0,3290.0,3120.0
Sierra Leone,4320000.0,4350000.0,4410000.0,4450000.0,4480000.0,4580000.0,4860000.0,5140000.0,5350000.0,5530000.0,5680000.0,5810000.0,5940000.0,6090000.0,6260000.0,6440000.0,Somalia,2.01,2.19,2.62,3.42,3.34,3.04,1.72,0.0,0.0,0.0,0.0,0.0,0.0,0.0,0.0,0.0
El Salvador,5750000.0,5800000.0,5840000.0,5890000.0,5920000.0,5960000.0,5990000.0,6010000.0,6030000.0,6040000.0,6040000.0,6030000.0,6040000.0,6070000.0,6090000.0,6110000.0,Serbia,55.1,91.0,104.0,82.2,89.9,42.0,78.8,130.0,163.0,189.0,203.0,234.0,336.0,417.0,357.0,338.0
San Marino,24900.0,25200.0,25600.0,26000.0,26400.0,26800.0,27300.0,28000.0,28600.0,29100.0,29500.0,30000.0,30400.0,30700.0,31100.0,31600.0,Sao Tome and Principe,21.6,19.4,19.3,14.7,20.5,19.6,19.1,21.4,39.9,37.0,43.3,32.3,33.0,35.6,37.3,34.5
Somalia,7210000.0,7470000.0,7730000.0,8060000.000000001,8380000.000000001,8720000.0,9070000.0,9410000.0,9760000.0,10100000.0,10500000.0,10800000.0,11100000.0,11400000.0,11700000.0,12000000.0,Suriname,42.6,61.3,69.1,95.0,77.5,74.0,62.6,79.9,87.7,100.0,125.0,165.0,171.0,186.0,238.0,235.0
Serbia,7980000.0,7990000.0,8000000.0,7990000.0,7960000.0,7940000.0,7920000.0,7900000.0,7890000.0,7860000.0,7830000.0,7790000.0,7760000.0,7720000.0,7690000.0,7650000.0,Slovak Republic,196.0,225.0,211.0,215.0,196.0,186.0,193.0,228.0,318.0,417.0,466.0,520.0,720.0,948.0,968.0,930.0
South Sudan,5300000.0,5430000.0,5590000.0,5700000.0,5850000.0,6110000.0,6390000.0,6690000.0,6990000.0,7320000.0,7660000.0,8029999.999999999,8420000.0,8820000.0,9230000.0,9710000.0,Slovenia,610.0,619.0,598.0,647.0,664.0,614.0,646.0,734.0,904.0,1030.0,1080.0,1160.0,1320.0,1660.0,1640.0,1590.0
Sao Tome and Principe,133000.0,135000.0,138000.0,140000.0,142000.0,144000.0,146000.0,150000.0,154000.0,158000.0,162000.0,166000.0,170000.0,174000.0,178000.0,182000.0,Sweden,1980.0,2230.0,1970.0,2000.0,2050.0,1940.0,1840.0,2110.0,2680.0,2980.0,3020.0,3190.0,3670.0,3970.0,3540.0,3820.0
Suriname,434000.0,444000.0,453000.0,462000.0,470000.0,479000.0,487000.0,496000.0,504000.0,511000.0,516000.0,522000.0,528000.0,534000.0,540000.0,546000.0,Eswatini,49.9,49.8,48.0,44.1,44.3,42.4,36.6,34.5,63.6,68.9,82.0,97.6,97.9,104.0,112.0,129.0
Slovak Republic,5350000.0,5360000.0,5370000.0,5370000.0,5370000.0,5380000.0,5380000.0,5380000.0,5370000.0,5370000.0,5380000.0,5380000.0,5380000.0,5380000.0,5390000.0,5400000.0,Seychelles,300.0,312.0,372.0,348.0,356.0,311.0,309.0,330.0,373.0,401.0,411.0,428.0,381.0,332.0,280.0,339.0
Slovenia,1990000.0,1990000.0,1990000.0,1990000.0,1990000.0,1980000.0,1980000.0,1980000.0,1990000.0,2000000.0,2000000.0,2009999.9999999998,2020000.0,2029999.9999999998,2049999.9999999998,2060000.0,Syria,20.5,21.1,20.9,21.7,22.5,23.9,25.5,26.2,29.1,29.1,31.6,32.2,38.9,41.8,43.9,44.4
Sweden,8760000.0,8790000.0,8810000.0,8830000.0,8850000.0,8870000.0,8900000.0,8930000.0,8960000.0,9000000.0,9050000.0,9100000.0,9160000.0,9230000.0,9300000.0,9380000.0,Chad,4.14,4.55,4.04,3.77,3.84,4.49,4.81,5.59,8.09,8.45,10.5,7.83,6.6,6.04,5.61,7.65
Eswatini,954000.0,974000.0,991000.0,1010000.0,1020000.0,1030000.0,1040000.0,1050000.0,1060000.0,1070000.0,1070000.0,1080000.0,1080000.0,1090000.0,1090000.0,1100000.0,Togo,5.99,5.95,5.25,6.01,5.01,4.08,3.33,2.64,4.66,6.16,7.41,8.99,9.62,13.2,17.6,18.0
Seychelles,74700.0,75500.0,76500.0,77700.0,78800.0,80100.0,81300.0,82400.0,83600.0,84700.0,85900.0,87100.0,88300.0,89600.0,91000.0,92400.0,Thailand,46.8,54.7,53.4,37.1,37.7,37.0,33.8,46.1,49.9,55.7,60.4,78.2,99.1,121.0,119.0,134.0
Syria,14300000.0,14700000.0,15100000.0,15500000.0,15900000.0,16300000.0,16700000.0,17200000.0,17600000.0,18100000.0,18600000.0,19400000.0,20700000.0,21500000.0,21800000.0,22300000.0,Tajikistan,1.27,2.31,2.48,2.5,1.85,1.32,1.65,1.76,2.23,3.06,4.1,4.9,6.67,10.6,10.8,13.1
Chad,6890000.0,7200000.0,7450000.0,7710000.0,7980000.0,8260000.0,8540000.0,8840000.0,9200000.0,9610000.0,10000000.0,10400000.0,10700000.0,11100000.0,11500000.0,11900000.0,Turkmenistan,26.0,12.6,21.5,22.8,20.7,35.9,42.9,46.0,66.6,73.2,73.1,68.9,74.2,41.1,54.7,63.0
Togo,4280000.0,4450000.0,4590000.0,4730000.0,4870000.0,5010000.0,5150000.0,5280000.0,5420000.0,5570000.0,5710000.0,5870000.0,6050000.0,6220000.0,6400000.0,6570000.0,Timor-Leste,31.3,23.6,38.5,24.7,22.2,23.9,25.5,24.4,26.1,28.1,39.4,44.2,43.0,44.4,42.6,31.7
Thailand,59400000.0,60200000.0,61000000.0,61700000.0,62400000.0,63100000.0,63600000.0,64200000.0,64800000.0,65300000.0,65800000.0,66300000.0,66800000.0,67300000.0,67800000.0,68300000.0,Tonga,56.4,63.8,66.8,62.5,75.2,64.5,72.6,69.9,88.1,95.3,146.0,138.0,174.0,176.0,115.0,140.0
Tajikistan,5920000.0,6040000.0,6120000.0,6160000.0,6190000.0,6270000.0,6410000.0,6540000.0,6670000.0,6800000.0,6930000.0,7060000.0,7190000.0,7320000.0,7470000.0,7620000.0,Trinidad and Tobago,94.3,90.1,86.7,68.5,100.0,106.0,133.0,168.0,208.0,233.0,364.0,371.0,387.0,444.0,514.0,516.0
Turkmenistan,4230000.0,4300000.0,4360000.0,4430000.0,4500000.0,4570000.0,4640000.0,4700000.0,4760000.0,4820000.0,4890000.0,4950000.0,5020000.0,5100000.0,5180000.0,5270000.0,Tunisia,64.1,65.3,61.1,64.0,66.2,67.2,65.5,67.3,80.0,92.5,93.3,101.0,113.0,133.0,133.0,129.0
Timor-Leste,819000.0,831000.0,843000.0,855000.0,867000.0,878000.0,893000.0,910000.0,927000.0,946000.0,969000.0,995000.0,1020000.0,1040000.0,1070000.0,1090000.0,Turkey,67.2,80.7,93.0,111.0,114.0,129.0,105.0,133.0,174.0,221.0,259.0,301.0,375.0,455.0,432.0,510.0
Tonga,100000.0,100000.0,101000.0,101000.0,102000.0,103000.0,103000.0,104000.0,104000.0,105000.0,106000.0,106000.0,107000.0,107000.0,107000.0,107000.0,Tuvalu,64.3,152.0,117.0,120.0,136.0,231.0,245.0,238.0,410.0,370.0,402.0,447.0,475.0,623.0,402.0,568.0
Trinidad and Tobago,1310000.0,1310000.0,1320000.0,1320000.0,1330000.0,1330000.0,1340000.0,1350000.0,1350000.0,1360000.0,1370000.0,1380000.0,1380000.0,1390000.0,1400000.0,1410000.0,Tanzania,2.69,2.86,3.86,4.06,3.83,4.38,4.77,4.61,5.88,5.18,6.87,13.8,15.0,16.5,17.9,20.8
Tunisia,9290000.0,9430000.0,9560000.0,9680000.0,9790000.0,9890000.0,10000000.0,10100000.0,10200000.0,10300000.0,10400000.0,10500000.0,10600000.0,10700000.0,10800000.0,10900000.0,Uganda,4.47,4.65,5.0,4.26,4.91,4.19,4.64,5.2,5.28,5.92,7.26,7.02,7.33,7.79,9.59,10.2
Turkey,59300000.0,60300000.0,61300000.0,62200000.0,63200000.0,64099999.99999999,65099999.99999999,66000000.0,66900000.00000001,67800000.0,68700000.0,69600000.0,70500000.0,71300000.0,72200000.0,73200000.0,Ukraine,30.0,34.3,34.0,29.7,18.8,18.5,24.1,31.0,42.5,53.1,70.0,89.8,121.0,150.0,110.0,133.0
Tuvalu,959.0,961.0,963.0,963.0,964.0,964.0,962.0,961.0,967.0,979.0,991.0,10000.0,10100.0,10300.0,10400.0,10600.0,Uruguay,410.0,362.0,258.0,288.0,461.0,422.0,380.0,239.0,178.0,172.0,219.0,262.0,307.0,460.0,514.0,669.0
Taiwan,21500000.0,21600000.0,21800000.0,21900000.0,22100000.0,22200000.0,22300000.0,22500000.0,22600000.0,22700000.0,22800000.0,22900000.0,22900000.0,23000000.0,23000000.0,23100000.0,USA,1680.0,1750.0,1810.0,1840.0,1920.0,2030.0,2230.0,2410.0,2610.0,2790.0,2950.0,3170.0,3360.0,3550.0,3800.0,4440.0
Tanzania,30600000.0,31100000.0,31800000.0,32600000.0,33500000.0,34500000.0,35400000.0,36400000.0,37300000.0,38400000.0,39400000.0,40600000.0,41700000.0,42900000.0,44000000.0,45100000.0,Uzbekistan,15.8,21.8,20.6,18.2,19.6,14.0,11.8,9.26,9.46,10.6,12.6,15.9,19.3,26.3,33.1,39.1
Uganda,20700000.0,21200000.0,21900000.0,22500000.0,23300000.0,24000000.0,24800000.0,25500000.0,26400000.0,27100000.0,27900000.0,28800000.0,29600000.0,30500000.0,31400000.0,32299999.999999996,St. Vincent and the Grenadines,93.2,98.0,106.0,99.5,106.0,113.0,118.0,138.0,143.0,145.0,150.0,179.0,202.0,251.0,241.0,240.0
Ukraine,51100000.0,50600000.0,50200000.0,49700000.0,49300000.0,48900000.0,48400000.0,48000000.0,47600000.0,47300000.0,46900000.0,46600000.0,46300000.0,46100000.0,45900000.0,45700000.0,Venezuela,61.2,45.0,51.8,57.1,85.8,114.0,120.0,81.7,72.5,99.0,128.0,162.0,222.0,269.0,276.0,232.0
Uruguay,3210000.0,3230000.0,3250000.0,3260000.0,3280000.0,3290000.0,3300000.0,3310000.0,3310000.0,3310000.0,3320000.0,3320000.0,3330000.0,3340000.0,3340000.0,3350000.0,Vietnam,4.92,5.36,5.66,6.12,6.32,6.47,7.21,6.83,8.15,8.37,9.84,15.3,23.4,23.8,28.9,31.4
United States,266000000.0,269000000.0,272000000.0,276000000.0,279000000.0,282000000.0,285000000.0,288000000.0,291000000.0,294000000.0,297000000.0,300000000.0,303000000.0,306000000.0,309000000.0,311000000.0,Vanuatu,31.7,26.6,35.8,44.8,39.0,40.2,38.0,39.3,43.4,45.8,44.4,50.8,77.5,98.0,110.0,143.0
Uzbekistan,23000000.0,23500000.0,23900000.0,24300000.0,24600000.0,24900000.0,25200000.0,25600000.0,25900000.0,26200000.0,26600000.0,26900000.0,27300000.0,27700000.0,28200000.0,28600000.0,Samoa,39.6,51.6,56.4,54.1,62.8,60.6,58.3,65.4,73.5,86.5,92.7,110.0,142.0,144.0,132.0,179.0
St. Vincent and the Grenadines,114000.0,114000.0,114000.0,114000.0,114000.0,114000.0,114000.0,113000.0,113000.0,113000.0,112000.0,111000.0,111000.0,110000.0,110000.0,109000.0,Yemen,12.4,11.0,9.44,10.1,10.8,13.6,14.3,14.2,16.6,14.5,14.3,16.3,17.1,21.1,16.8,15.3
Venezuela,22100000.0,22600000.0,23000000.0,23500000.0,24000000.0,24400000.0,24900000.0,25300000.0,25800000.0,26200000.0,26700000.0,27100000.0,27500000.0,27900000.0,28300000.0,28700000.0,South Africa,107.0,97.4,111.0,104.0,108.0,102.0,90.5,81.5,126.0,151.0,175.0,184.0,202.0,203.0,228.0,286.0
Vietnam,73800000.0,74900000.0,76100000.0,77100000.0,78100000.0,79000000.0,79800000.0,80600000.0,81500000.0,82300000.0,83100000.0,84000000.0,84800000.0,85600000.0,86500000.0,87400000.0,Zambia,13.2,13.0,16.8,13.6,9.02,9.23,11.7,14.7,16.2,18.4,24.1,35.0,31.1,43.2,36.7,43.9
Vanuatu,171000.0,175000.0,179000.0,183000.0,187000.0,192000.0,197000.0,202000.0,207000.0,212000.0,218000.0,223000.0,228000.0,234000.0,240000.0,245000.0,Zimbabwe,28.1,29.4,30.1,29.4,17.6,31.5,25.4,0.0,0.0,0.0,0.0,0.0,0.0,0.0,0.0,0.0
Samoa,175000.0,177000.0,179000.0,180000.0,182000.0,184000.0,186000.0,187000.0,187000.0,188000.0,189000.0,189000.0,190000.0,192000.0,193000.0,195000.0,,,,,,,,,,,,,,,,,
Yemen,16100000.000000002,16600000.000000002,17100000.0,17600000.0,18100000.0,18600000.0,19100000.0,19700000.0,20200000.0,20700000.0,21300000.0,22000000.0,22600000.0,23300000.0,24000000.0,24700000.0,,,,,,,,,,,,,,,,,
South Africa,44000000.0,44700000.0,45300000.0,45900000.0,46400000.0,46800000.0,47200000.0,47700000.0,48100000.0,48600000.0,49000000.0,49500000.0,50000000.0,50600000.0,51200000.0,51800000.0,,,,,,,,,,,,,,,,,
Zambia,8680000.0,8900000.0,9130000.0,9370000.0,9620000.0,9890000.0,10200000.0,10500000.0,10800000.0,11200000.0,11600000.0,12000000.0,12400000.0,12900000.0,13300000.0,13800000.0,,,,,,,,,,,,,,,,,
Zimbabwe,11000000.0,11200000.0,11400000.0,11500000.0,11700000.0,11800000.0,11900000.0,12000000.0,12100000.0,12200000.0,12200000.0,12300000.0,12500000.0,12600000.0,12700000.0,12800000.0,,,,,,,,,,,,,,,,,
,,,,,,,,,,,,,,,,,Croatia,280.0,323.0,255.0,324.0,325.0,325.0,313.0,300.0,409.0,498.0,606.0,680.0,877.0,1040.0,944.0,905.0
